id,query_id,project_id,completion_time,marked_num,skip_num,video_url,start_indices_1,end_indices_1,query_id,start_indices_2,end_indices_2,label,feedback_type,extra,annotator_id,annotator_name
1,00fc8f07dafc40deb7e1cc12346d2cc6,RHit4Woa9EpvwBt8WHyPfn,2024-09-02 18:22:42,1,0,@/assets/video/RHit4Woa9EpvwBt8WHyPfn_kitchen-mixed-v0_offline_comparative/RHit4Woa9EpvwBt8WHyPfn/kitchen-mixed-v0_00fc8f07dafc40deb7e1cc12346d2cc6.mp4,63168,63268,00fc8f07dafc40deb7e1cc12346d2cc6,73749,73849,{'1': {'0': 2}},comparative,,1,admin
2,02b13278aeed4bfeb42a1e1d7b06b19b,RHit4Woa9EpvwBt8WHyPfn,2024-09-02 18:23:08,1,0,@/assets/video/RHit4Woa9EpvwBt8WHyPfn_kitchen-mixed-v0_offline_comparative/RHit4Woa9EpvwBt8WHyPfn/kitchen-mixed-v0_02b13278aeed4bfeb42a1e1d7b06b19b.mp4,25641,25741,02b13278aeed4bfeb42a1e1d7b06b19b,30105,30205,{'1': {'0': 0}},comparative,,1,admin
3,02dce4d7282b47f9aab08827a947ad84,RHit4Woa9EpvwBt8WHyPfn,2024-09-02 18:23:32,1,0,@/assets/video/RHit4Woa9EpvwBt8WHyPfn_kitchen-mixed-v0_offline_comparative/RHit4Woa9EpvwBt8WHyPfn/kitchen-mixed-v0_02dce4d7282b47f9aab08827a947ad84.mp4,74612,74712,02dce4d7282b47f9aab08827a947ad84,52463,52563,{'1': {'0': 1}},comparative,,1,admin
4,031873a3abd9427b8e7d39b571327790,RHit4Woa9EpvwBt8WHyPfn,2024-09-02 18:24:37,1,0,@/assets/video/RHit4Woa9EpvwBt8WHyPfn_kitchen-mixed-v0_offline_comparative/RHit4Woa9EpvwBt8WHyPfn/kitchen-mixed-v0_031873a3abd9427b8e7d39b571327790.mp4,84926,85026,031873a3abd9427b8e7d39b571327790,134997,135097,{'1': {'0': 2}},comparative,,1,admin
5,04b374171cb74c7891bff60399f21ade,RHit4Woa9EpvwBt8WHyPfn,2024-09-02 18:24:48,1,0,@/assets/video/RHit4Woa9EpvwBt8WHyPfn_kitchen-mixed-v0_offline_comparative/RHit4Woa9EpvwBt8WHyPfn/kitchen-mixed-v0_04b374171cb74c7891bff60399f21ade.mp4,89431,89531,04b374171cb74c7891bff60399f21ade,65693,65793,{'1': {'0': 2}},comparative,,1,admin
6,05d3836354f0474e938009dc2338dee6,RHit4Woa9EpvwBt8WHyPfn,2024-09-02 18:24:59,1,0,@/assets/video/RHit4Woa9EpvwBt8WHyPfn_kitchen-mixed-v0_offline_comparative/RHit4Woa9EpvwBt8WHyPfn/kitchen-mixed-v0_05d3836354f0474e938009dc2338dee6.mp4,6253,6353,05d3836354f0474e938009dc2338dee6,52949,53049,{'1': {'0': 2}},comparative,,1,admin
7,05e5f9c6a9b44c00a1a6902f92910d0e,RHit4Woa9EpvwBt8WHyPfn,2024-09-02 18:25:11,1,0,@/assets/video/RHit4Woa9EpvwBt8WHyPfn_kitchen-mixed-v0_offline_comparative/RHit4Woa9EpvwBt8WHyPfn/kitchen-mixed-v0_05e5f9c6a9b44c00a1a6902f92910d0e.mp4,17273,17373,05e5f9c6a9b44c00a1a6902f92910d0e,12103,12203,{'1': {'0': 2}},comparative,,1,admin
8,081d9c6b5bb240b69b809b5b8697be7b,RHit4Woa9EpvwBt8WHyPfn,2024-09-02 18:25:31,1,0,@/assets/video/RHit4Woa9EpvwBt8WHyPfn_kitchen-mixed-v0_offline_comparative/RHit4Woa9EpvwBt8WHyPfn/kitchen-mixed-v0_081d9c6b5bb240b69b809b5b8697be7b.mp4,2640,2740,081d9c6b5bb240b69b809b5b8697be7b,58679,58779,{'1': {'0': 2}},comparative,,1,admin
9,083fcc0bead64de281d6a245a5af6c85,RHit4Woa9EpvwBt8WHyPfn,2024-09-02 18:25:42,1,0,@/assets/video/RHit4Woa9EpvwBt8WHyPfn_kitchen-mixed-v0_offline_comparative/RHit4Woa9EpvwBt8WHyPfn/kitchen-mixed-v0_083fcc0bead64de281d6a245a5af6c85.mp4,2413,2513,083fcc0bead64de281d6a245a5af6c85,11889,11989,{'1': {'0': 2}},comparative,,1,admin
10,0aa3bade79234c558e1517ac28397b01,RHit4Woa9EpvwBt8WHyPfn,2024-09-02 18:26:19,1,0,@/assets/video/RHit4Woa9EpvwBt8WHyPfn_kitchen-mixed-v0_offline_comparative/RHit4Woa9EpvwBt8WHyPfn/kitchen-mixed-v0_0aa3bade79234c558e1517ac28397b01.mp4,50447,50547,0aa3bade79234c558e1517ac28397b01,29178,29278,{'1': {'0': 2}},comparative,,1,admin
11,0ab426fae325418ca1d53a49b301b7c5,RHit4Woa9EpvwBt8WHyPfn,2024-09-02 18:26:30,1,0,@/assets/video/RHit4Woa9EpvwBt8WHyPfn_kitchen-mixed-v0_offline_comparative/RHit4Woa9EpvwBt8WHyPfn/kitchen-mixed-v0_0ab426fae325418ca1d53a49b301b7c5.mp4,26557,26657,0ab426fae325418ca1d53a49b301b7c5,109261,109361,{'1': {'0': 2}},comparative,,1,admin
12,0b4b08fb8be847638b9b2b86fe50a70b,RHit4Woa9EpvwBt8WHyPfn,2024-09-02 18:26:41,1,0,@/assets/video/RHit4Woa9EpvwBt8WHyPfn_kitchen-mixed-v0_offline_comparative/RHit4Woa9EpvwBt8WHyPfn/kitchen-mixed-v0_0b4b08fb8be847638b9b2b86fe50a70b.mp4,46685,46785,0b4b08fb8be847638b9b2b86fe50a70b,26901,27001,{'1': {'0': 2}},comparative,,1,admin
13,0db90e1bfdbd48c1b2e3bdcf0ae1da29,RHit4Woa9EpvwBt8WHyPfn,2024-09-02 18:26:52,1,0,@/assets/video/RHit4Woa9EpvwBt8WHyPfn_kitchen-mixed-v0_offline_comparative/RHit4Woa9EpvwBt8WHyPfn/kitchen-mixed-v0_0db90e1bfdbd48c1b2e3bdcf0ae1da29.mp4,61438,61538,0db90e1bfdbd48c1b2e3bdcf0ae1da29,80398,80498,{'1': {'0': 0}},comparative,,1,admin
14,0dec6329074e4ede8a697eccfc93a4c5,RHit4Woa9EpvwBt8WHyPfn,2024-09-02 18:27:08,1,0,@/assets/video/RHit4Woa9EpvwBt8WHyPfn_kitchen-mixed-v0_offline_comparative/RHit4Woa9EpvwBt8WHyPfn/kitchen-mixed-v0_0dec6329074e4ede8a697eccfc93a4c5.mp4,76562,76662,0dec6329074e4ede8a697eccfc93a4c5,46864,46964,{'1': {'0': 0}},comparative,,1,admin
15,0ee895cb04b349cf85cb9c3dad547f41,RHit4Woa9EpvwBt8WHyPfn,2024-09-02 18:27:19,1,0,@/assets/video/RHit4Woa9EpvwBt8WHyPfn_kitchen-mixed-v0_offline_comparative/RHit4Woa9EpvwBt8WHyPfn/kitchen-mixed-v0_0ee895cb04b349cf85cb9c3dad547f41.mp4,108860,108960,0ee895cb04b349cf85cb9c3dad547f41,28690,28790,{'1': {'0': 2}},comparative,,1,admin
16,0f33257c45604bb8948d9a5372f15c54,RHit4Woa9EpvwBt8WHyPfn,2024-09-02 18:27:30,1,0,@/assets/video/RHit4Woa9EpvwBt8WHyPfn_kitchen-mixed-v0_offline_comparative/RHit4Woa9EpvwBt8WHyPfn/kitchen-mixed-v0_0f33257c45604bb8948d9a5372f15c54.mp4,46157,46257,0f33257c45604bb8948d9a5372f15c54,22585,22685,{'1': {'0': 2}},comparative,,1,admin
17,0f5cc3d4a977418cb9b95020194ae263,RHit4Woa9EpvwBt8WHyPfn,2024-09-02 18:27:40,1,0,@/assets/video/RHit4Woa9EpvwBt8WHyPfn_kitchen-mixed-v0_offline_comparative/RHit4Woa9EpvwBt8WHyPfn/kitchen-mixed-v0_0f5cc3d4a977418cb9b95020194ae263.mp4,117743,117843,0f5cc3d4a977418cb9b95020194ae263,114917,115017,{'1': {'0': 2}},comparative,,1,admin
18,0fe6275c8efe4edf8576acffd62bf959,RHit4Woa9EpvwBt8WHyPfn,2024-09-02 18:27:56,1,0,@/assets/video/RHit4Woa9EpvwBt8WHyPfn_kitchen-mixed-v0_offline_comparative/RHit4Woa9EpvwBt8WHyPfn/kitchen-mixed-v0_0fe6275c8efe4edf8576acffd62bf959.mp4,128503,128603,0fe6275c8efe4edf8576acffd62bf959,101006,101106,{'1': {'0': 1}},comparative,,1,admin
19,1036194a109645f9a15251d79f063f01,RHit4Woa9EpvwBt8WHyPfn,2024-09-02 18:28:50,1,0,@/assets/video/RHit4Woa9EpvwBt8WHyPfn_kitchen-mixed-v0_offline_comparative/RHit4Woa9EpvwBt8WHyPfn/kitchen-mixed-v0_1036194a109645f9a15251d79f063f01.mp4,31417,31517,1036194a109645f9a15251d79f063f01,66515,66615,{'1': {'0': 1}},comparative,,1,admin
20,10d99529c72b47b88baf96eaf8c2752b,RHit4Woa9EpvwBt8WHyPfn,2024-09-02 18:29:06,1,0,@/assets/video/RHit4Woa9EpvwBt8WHyPfn_kitchen-mixed-v0_offline_comparative/RHit4Woa9EpvwBt8WHyPfn/kitchen-mixed-v0_10d99529c72b47b88baf96eaf8c2752b.mp4,65170,65270,10d99529c72b47b88baf96eaf8c2752b,6444,6544,{'1': {'0': 0}},comparative,,1,admin
21,10de664db4b0457199c6112fdbb096cd,RHit4Woa9EpvwBt8WHyPfn,2024-09-02 18:29:46,1,0,@/assets/video/RHit4Woa9EpvwBt8WHyPfn_kitchen-mixed-v0_offline_comparative/RHit4Woa9EpvwBt8WHyPfn/kitchen-mixed-v0_10de664db4b0457199c6112fdbb096cd.mp4,58015,58115,10de664db4b0457199c6112fdbb096cd,89024,89124,{'1': {'0': 0}},comparative,,1,admin
22,118b85c5dfd2423ea170d31f5175b85d,RHit4Woa9EpvwBt8WHyPfn,2024-09-02 18:30:00,1,0,@/assets/video/RHit4Woa9EpvwBt8WHyPfn_kitchen-mixed-v0_offline_comparative/RHit4Woa9EpvwBt8WHyPfn/kitchen-mixed-v0_118b85c5dfd2423ea170d31f5175b85d.mp4,62798,62898,118b85c5dfd2423ea170d31f5175b85d,35782,35882,{'1': {'0': 1}},comparative,,1,admin
23,12066340940e49a2882aeb9bace9ed50,RHit4Woa9EpvwBt8WHyPfn,2024-09-02 18:30:11,1,0,@/assets/video/RHit4Woa9EpvwBt8WHyPfn_kitchen-mixed-v0_offline_comparative/RHit4Woa9EpvwBt8WHyPfn/kitchen-mixed-v0_12066340940e49a2882aeb9bace9ed50.mp4,104236,104336,12066340940e49a2882aeb9bace9ed50,32961,33061,{'1': {'0': 2}},comparative,,1,admin
24,1419bea2fe15489e866cdf27da7bb67b,RHit4Woa9EpvwBt8WHyPfn,2024-09-02 18:30:34,1,0,@/assets/video/RHit4Woa9EpvwBt8WHyPfn_kitchen-mixed-v0_offline_comparative/RHit4Woa9EpvwBt8WHyPfn/kitchen-mixed-v0_1419bea2fe15489e866cdf27da7bb67b.mp4,113995,114095,1419bea2fe15489e866cdf27da7bb67b,114920,115020,{'1': {'0': 1}},comparative,,1,admin
25,17e3e7989d51467194e0d0f18db6a6f3,RHit4Woa9EpvwBt8WHyPfn,2024-09-02 18:30:51,1,0,@/assets/video/RHit4Woa9EpvwBt8WHyPfn_kitchen-mixed-v0_offline_comparative/RHit4Woa9EpvwBt8WHyPfn/kitchen-mixed-v0_17e3e7989d51467194e0d0f18db6a6f3.mp4,45806,45906,17e3e7989d51467194e0d0f18db6a6f3,10737,10837,{'1': {'0': 0}},comparative,,1,admin
26,1b7651e7cdde452a96b2dec312d2daca,RHit4Woa9EpvwBt8WHyPfn,2024-09-02 18:31:03,1,0,@/assets/video/RHit4Woa9EpvwBt8WHyPfn_kitchen-mixed-v0_offline_comparative/RHit4Woa9EpvwBt8WHyPfn/kitchen-mixed-v0_1b7651e7cdde452a96b2dec312d2daca.mp4,98958,99058,1b7651e7cdde452a96b2dec312d2daca,81881,81981,{'1': {'0': 0}},comparative,,1,admin
27,1edb63855acb4339918a2ec72f391e75,RHit4Woa9EpvwBt8WHyPfn,2024-09-02 18:31:20,1,0,@/assets/video/RHit4Woa9EpvwBt8WHyPfn_kitchen-mixed-v0_offline_comparative/RHit4Woa9EpvwBt8WHyPfn/kitchen-mixed-v0_1edb63855acb4339918a2ec72f391e75.mp4,67364,67464,1edb63855acb4339918a2ec72f391e75,92626,92726,{'1': {'0': 0}},comparative,,1,admin
28,1f82e540daa34cf1b7d0363f70c3ef26,RHit4Woa9EpvwBt8WHyPfn,2024-09-02 18:31:44,1,0,@/assets/video/RHit4Woa9EpvwBt8WHyPfn_kitchen-mixed-v0_offline_comparative/RHit4Woa9EpvwBt8WHyPfn/kitchen-mixed-v0_1f82e540daa34cf1b7d0363f70c3ef26.mp4,96481,96581,1f82e540daa34cf1b7d0363f70c3ef26,87437,87537,{'1': {'0': 0}},comparative,,1,admin
29,1fe7a27b52f34aef988fcfa80b1db4dd,RHit4Woa9EpvwBt8WHyPfn,2024-09-02 18:33:12,1,0,@/assets/video/RHit4Woa9EpvwBt8WHyPfn_kitchen-mixed-v0_offline_comparative/RHit4Woa9EpvwBt8WHyPfn/kitchen-mixed-v0_1fe7a27b52f34aef988fcfa80b1db4dd.mp4,71432,71532,1fe7a27b52f34aef988fcfa80b1db4dd,103950,104050,{'1': {'0': 1}},comparative,,1,admin
30,232d32aa873b46048d0767093b4a0b34,RHit4Woa9EpvwBt8WHyPfn,2024-09-02 18:33:22,1,0,@/assets/video/RHit4Woa9EpvwBt8WHyPfn_kitchen-mixed-v0_offline_comparative/RHit4Woa9EpvwBt8WHyPfn/kitchen-mixed-v0_232d32aa873b46048d0767093b4a0b34.mp4,108802,108902,232d32aa873b46048d0767093b4a0b34,70548,70648,{'1': {'0': 0}},comparative,,1,admin
31,234865367c21427e9846b17e8ab824c0,RHit4Woa9EpvwBt8WHyPfn,2024-09-02 18:33:32,1,0,@/assets/video/RHit4Woa9EpvwBt8WHyPfn_kitchen-mixed-v0_offline_comparative/RHit4Woa9EpvwBt8WHyPfn/kitchen-mixed-v0_234865367c21427e9846b17e8ab824c0.mp4,54677,54777,234865367c21427e9846b17e8ab824c0,120001,120101,{'1': {'0': 0}},comparative,,1,admin
32,24d8f8b2309446a2a5eadedb1c8fd2e5,RHit4Woa9EpvwBt8WHyPfn,2024-09-02 18:33:58,1,0,@/assets/video/RHit4Woa9EpvwBt8WHyPfn_kitchen-mixed-v0_offline_comparative/RHit4Woa9EpvwBt8WHyPfn/kitchen-mixed-v0_24d8f8b2309446a2a5eadedb1c8fd2e5.mp4,93225,93325,24d8f8b2309446a2a5eadedb1c8fd2e5,56302,56402,{'1': {'0': 1}},comparative,,1,admin
33,250757b4f39f4f2fbc67ceda9da0fe58,RHit4Woa9EpvwBt8WHyPfn,2024-09-02 18:35:30,1,0,@/assets/video/RHit4Woa9EpvwBt8WHyPfn_kitchen-mixed-v0_offline_comparative/RHit4Woa9EpvwBt8WHyPfn/kitchen-mixed-v0_250757b4f39f4f2fbc67ceda9da0fe58.mp4,83799,83899,250757b4f39f4f2fbc67ceda9da0fe58,16288,16388,{'1': {'0': 2}},comparative,,1,admin
34,2511a6daaf3441a498fbdecd9d06ef68,RHit4Woa9EpvwBt8WHyPfn,2024-09-02 18:35:41,1,0,@/assets/video/RHit4Woa9EpvwBt8WHyPfn_kitchen-mixed-v0_offline_comparative/RHit4Woa9EpvwBt8WHyPfn/kitchen-mixed-v0_2511a6daaf3441a498fbdecd9d06ef68.mp4,94310,94410,2511a6daaf3441a498fbdecd9d06ef68,14160,14260,{'1': {'0': 2}},comparative,,1,admin
35,26014a4babf94a5086edf2b271abdd6e,RHit4Woa9EpvwBt8WHyPfn,2024-09-02 18:35:54,1,0,@/assets/video/RHit4Woa9EpvwBt8WHyPfn_kitchen-mixed-v0_offline_comparative/RHit4Woa9EpvwBt8WHyPfn/kitchen-mixed-v0_26014a4babf94a5086edf2b271abdd6e.mp4,132453,132553,26014a4babf94a5086edf2b271abdd6e,34779,34879,{'1': {'0': 0}},comparative,,1,admin
36,28680c251c3d41f38c078eae39b4f821,RHit4Woa9EpvwBt8WHyPfn,2024-09-02 18:36:10,1,0,@/assets/video/RHit4Woa9EpvwBt8WHyPfn_kitchen-mixed-v0_offline_comparative/RHit4Woa9EpvwBt8WHyPfn/kitchen-mixed-v0_28680c251c3d41f38c078eae39b4f821.mp4,584,684,28680c251c3d41f38c078eae39b4f821,2214,2314,{'1': {'0': 1}},comparative,,1,admin
37,2a47346e970146dba66bcce2aa66fc48,RHit4Woa9EpvwBt8WHyPfn,2024-09-02 18:36:21,1,0,@/assets/video/RHit4Woa9EpvwBt8WHyPfn_kitchen-mixed-v0_offline_comparative/RHit4Woa9EpvwBt8WHyPfn/kitchen-mixed-v0_2a47346e970146dba66bcce2aa66fc48.mp4,40945,41045,2a47346e970146dba66bcce2aa66fc48,24506,24606,{'1': {'0': 1}},comparative,,1,admin
38,2c3f201783a9415cb8ec546ae8314d05,RHit4Woa9EpvwBt8WHyPfn,2024-09-02 18:36:36,1,0,@/assets/video/RHit4Woa9EpvwBt8WHyPfn_kitchen-mixed-v0_offline_comparative/RHit4Woa9EpvwBt8WHyPfn/kitchen-mixed-v0_2c3f201783a9415cb8ec546ae8314d05.mp4,94271,94371,2c3f201783a9415cb8ec546ae8314d05,133296,133396,{'1': {'0': 2}},comparative,,1,admin
39,2cfb539ec40946a993336593ce4b38e1,RHit4Woa9EpvwBt8WHyPfn,2024-09-02 18:37:51,1,0,@/assets/video/RHit4Woa9EpvwBt8WHyPfn_kitchen-mixed-v0_offline_comparative/RHit4Woa9EpvwBt8WHyPfn/kitchen-mixed-v0_2cfb539ec40946a993336593ce4b38e1.mp4,125324,125424,2cfb539ec40946a993336593ce4b38e1,8707,8807,{'1': {'0': 2}},comparative,,1,admin
40,2dc3f1b4cf6741a8a29bccce57c3f52a,RHit4Woa9EpvwBt8WHyPfn,2024-09-02 18:38:10,1,0,@/assets/video/RHit4Woa9EpvwBt8WHyPfn_kitchen-mixed-v0_offline_comparative/RHit4Woa9EpvwBt8WHyPfn/kitchen-mixed-v0_2dc3f1b4cf6741a8a29bccce57c3f52a.mp4,13390,13490,2dc3f1b4cf6741a8a29bccce57c3f52a,109846,109946,{'1': {'0': 0}},comparative,,1,admin
41,2e0897c0f00742fa847d97ebac629716,RHit4Woa9EpvwBt8WHyPfn,2024-09-02 18:38:40,1,0,@/assets/video/RHit4Woa9EpvwBt8WHyPfn_kitchen-mixed-v0_offline_comparative/RHit4Woa9EpvwBt8WHyPfn/kitchen-mixed-v0_2e0897c0f00742fa847d97ebac629716.mp4,135404,135504,2e0897c0f00742fa847d97ebac629716,2199,2299,{'1': {'0': 0}},comparative,,1,admin
42,2ff16508a4b9449284587c82a2f0799c,RHit4Woa9EpvwBt8WHyPfn,2024-09-02 18:38:53,1,0,@/assets/video/RHit4Woa9EpvwBt8WHyPfn_kitchen-mixed-v0_offline_comparative/RHit4Woa9EpvwBt8WHyPfn/kitchen-mixed-v0_2ff16508a4b9449284587c82a2f0799c.mp4,68573,68673,2ff16508a4b9449284587c82a2f0799c,8544,8644,{'1': {'0': 0}},comparative,,1,admin
43,3356ff64889e400db39bdc26e65b4166,RHit4Woa9EpvwBt8WHyPfn,2024-09-02 18:39:04,1,0,@/assets/video/RHit4Woa9EpvwBt8WHyPfn_kitchen-mixed-v0_offline_comparative/RHit4Woa9EpvwBt8WHyPfn/kitchen-mixed-v0_3356ff64889e400db39bdc26e65b4166.mp4,80642,80742,3356ff64889e400db39bdc26e65b4166,125547,125647,{'1': {'0': 2}},comparative,,1,admin
44,3383fd944dc443ae9813b28809f4b273,RHit4Woa9EpvwBt8WHyPfn,2024-09-02 18:39:18,1,0,@/assets/video/RHit4Woa9EpvwBt8WHyPfn_kitchen-mixed-v0_offline_comparative/RHit4Woa9EpvwBt8WHyPfn/kitchen-mixed-v0_3383fd944dc443ae9813b28809f4b273.mp4,40066,40166,3383fd944dc443ae9813b28809f4b273,61593,61693,{'1': {'0': 0}},comparative,,1,admin
45,349e2adef1254f15b74c52982f185572,RHit4Woa9EpvwBt8WHyPfn,2024-09-02 18:39:32,1,0,@/assets/video/RHit4Woa9EpvwBt8WHyPfn_kitchen-mixed-v0_offline_comparative/RHit4Woa9EpvwBt8WHyPfn/kitchen-mixed-v0_349e2adef1254f15b74c52982f185572.mp4,37221,37321,349e2adef1254f15b74c52982f185572,136356,136456,{'1': {'0': 2}},comparative,,1,admin
46,34dfd8fd5d6d4197b5f7bdcb22d5494d,RHit4Woa9EpvwBt8WHyPfn,2024-09-02 18:39:45,1,0,@/assets/video/RHit4Woa9EpvwBt8WHyPfn_kitchen-mixed-v0_offline_comparative/RHit4Woa9EpvwBt8WHyPfn/kitchen-mixed-v0_34dfd8fd5d6d4197b5f7bdcb22d5494d.mp4,122528,122628,34dfd8fd5d6d4197b5f7bdcb22d5494d,56987,57087,{'1': {'0': 2}},comparative,,1,admin
47,3cf98d06687148eb9c6a092a4686d8e2,RHit4Woa9EpvwBt8WHyPfn,2024-09-02 18:39:55,1,0,@/assets/video/RHit4Woa9EpvwBt8WHyPfn_kitchen-mixed-v0_offline_comparative/RHit4Woa9EpvwBt8WHyPfn/kitchen-mixed-v0_3cf98d06687148eb9c6a092a4686d8e2.mp4,133095,133195,3cf98d06687148eb9c6a092a4686d8e2,12855,12955,{'1': {'0': 2}},comparative,,1,admin
48,3d91fabc35cc45cf929563081e000d37,RHit4Woa9EpvwBt8WHyPfn,2024-09-02 18:40:08,1,0,@/assets/video/RHit4Woa9EpvwBt8WHyPfn_kitchen-mixed-v0_offline_comparative/RHit4Woa9EpvwBt8WHyPfn/kitchen-mixed-v0_3d91fabc35cc45cf929563081e000d37.mp4,47896,47996,3d91fabc35cc45cf929563081e000d37,2569,2669,{'1': {'0': 0}},comparative,,1,admin
49,3f15937207984165bbba4d8513de4fb6,RHit4Woa9EpvwBt8WHyPfn,2024-09-02 18:40:28,1,0,@/assets/video/RHit4Woa9EpvwBt8WHyPfn_kitchen-mixed-v0_offline_comparative/RHit4Woa9EpvwBt8WHyPfn/kitchen-mixed-v0_3f15937207984165bbba4d8513de4fb6.mp4,100033,100133,3f15937207984165bbba4d8513de4fb6,14630,14730,{'1': {'0': 1}},comparative,,1,admin
50,401c54be8e9547f9844322c9e76e8b74,RHit4Woa9EpvwBt8WHyPfn,2024-09-02 18:40:39,1,0,@/assets/video/RHit4Woa9EpvwBt8WHyPfn_kitchen-mixed-v0_offline_comparative/RHit4Woa9EpvwBt8WHyPfn/kitchen-mixed-v0_401c54be8e9547f9844322c9e76e8b74.mp4,33512,33612,401c54be8e9547f9844322c9e76e8b74,88609,88709,{'1': {'0': 1}},comparative,,1,admin
51,406038c88b254fd08a2db13ddb66aa3b,RHit4Woa9EpvwBt8WHyPfn,2024-09-02 18:40:46,1,0,@/assets/video/RHit4Woa9EpvwBt8WHyPfn_kitchen-mixed-v0_offline_comparative/RHit4Woa9EpvwBt8WHyPfn/kitchen-mixed-v0_406038c88b254fd08a2db13ddb66aa3b.mp4,119091,119191,406038c88b254fd08a2db13ddb66aa3b,129561,129661,{'1': {'0': 2}},comparative,,1,admin
52,40e30abdebc04372a4d29a8301abc31c,RHit4Woa9EpvwBt8WHyPfn,2024-09-02 18:40:55,1,0,@/assets/video/RHit4Woa9EpvwBt8WHyPfn_kitchen-mixed-v0_offline_comparative/RHit4Woa9EpvwBt8WHyPfn/kitchen-mixed-v0_40e30abdebc04372a4d29a8301abc31c.mp4,3960,4060,40e30abdebc04372a4d29a8301abc31c,128499,128599,{'1': {'0': 2}},comparative,,1,admin
53,42309b6941c84366a766561a8c39ec24,RHit4Woa9EpvwBt8WHyPfn,2024-09-02 18:41:07,1,0,@/assets/video/RHit4Woa9EpvwBt8WHyPfn_kitchen-mixed-v0_offline_comparative/RHit4Woa9EpvwBt8WHyPfn/kitchen-mixed-v0_42309b6941c84366a766561a8c39ec24.mp4,103994,104094,42309b6941c84366a766561a8c39ec24,31219,31319,{'1': {'0': 2}},comparative,,1,admin
54,42e8512ca3234914b1bb213358d4dd1b,RHit4Woa9EpvwBt8WHyPfn,2024-09-02 18:41:18,1,0,@/assets/video/RHit4Woa9EpvwBt8WHyPfn_kitchen-mixed-v0_offline_comparative/RHit4Woa9EpvwBt8WHyPfn/kitchen-mixed-v0_42e8512ca3234914b1bb213358d4dd1b.mp4,75633,75733,42e8512ca3234914b1bb213358d4dd1b,14830,14930,{'1': {'0': 2}},comparative,,1,admin
55,485fde2062b049e4a24f6338ed996e3b,RHit4Woa9EpvwBt8WHyPfn,2024-09-02 18:42:12,1,0,@/assets/video/RHit4Woa9EpvwBt8WHyPfn_kitchen-mixed-v0_offline_comparative/RHit4Woa9EpvwBt8WHyPfn/kitchen-mixed-v0_485fde2062b049e4a24f6338ed996e3b.mp4,92819,92919,485fde2062b049e4a24f6338ed996e3b,60479,60579,{'1': {'0': 1}},comparative,,1,admin
56,4a04b70a4ecf4dd9a7ddba0b17200022,RHit4Woa9EpvwBt8WHyPfn,2024-09-02 18:42:47,1,0,@/assets/video/RHit4Woa9EpvwBt8WHyPfn_kitchen-mixed-v0_offline_comparative/RHit4Woa9EpvwBt8WHyPfn/kitchen-mixed-v0_4a04b70a4ecf4dd9a7ddba0b17200022.mp4,13100,13200,4a04b70a4ecf4dd9a7ddba0b17200022,136401,136501,{'1': {'0': 1}},comparative,,1,admin
57,4a94febecb7f4dd7aa7133804a9ca8b3,RHit4Woa9EpvwBt8WHyPfn,2024-09-02 18:42:58,1,0,@/assets/video/RHit4Woa9EpvwBt8WHyPfn_kitchen-mixed-v0_offline_comparative/RHit4Woa9EpvwBt8WHyPfn/kitchen-mixed-v0_4a94febecb7f4dd7aa7133804a9ca8b3.mp4,36453,36553,4a94febecb7f4dd7aa7133804a9ca8b3,78388,78488,{'1': {'0': 1}},comparative,,1,admin
58,4b35055534b14ff7889ce3753f9e069d,RHit4Woa9EpvwBt8WHyPfn,2024-09-02 18:43:18,1,0,@/assets/video/RHit4Woa9EpvwBt8WHyPfn_kitchen-mixed-v0_offline_comparative/RHit4Woa9EpvwBt8WHyPfn/kitchen-mixed-v0_4b35055534b14ff7889ce3753f9e069d.mp4,86547,86647,4b35055534b14ff7889ce3753f9e069d,50006,50106,{'1': {'0': 1}},comparative,,1,admin
59,4caac7d834c74997b8102b4d63d4fa19,RHit4Woa9EpvwBt8WHyPfn,2024-09-02 18:43:31,1,0,@/assets/video/RHit4Woa9EpvwBt8WHyPfn_kitchen-mixed-v0_offline_comparative/RHit4Woa9EpvwBt8WHyPfn/kitchen-mixed-v0_4caac7d834c74997b8102b4d63d4fa19.mp4,49330,49430,4caac7d834c74997b8102b4d63d4fa19,119111,119211,{'1': {'0': 0}},comparative,,1,admin
60,4d36d2955ee244bcb3cbc9840e29ffe8,RHit4Woa9EpvwBt8WHyPfn,2024-09-02 18:43:43,1,0,@/assets/video/RHit4Woa9EpvwBt8WHyPfn_kitchen-mixed-v0_offline_comparative/RHit4Woa9EpvwBt8WHyPfn/kitchen-mixed-v0_4d36d2955ee244bcb3cbc9840e29ffe8.mp4,81159,81259,4d36d2955ee244bcb3cbc9840e29ffe8,75385,75485,{'1': {'0': 2}},comparative,,1,admin
61,4d3ae27a3035483c91ebd16e3be9c84d,RHit4Woa9EpvwBt8WHyPfn,2024-09-02 18:43:54,1,0,@/assets/video/RHit4Woa9EpvwBt8WHyPfn_kitchen-mixed-v0_offline_comparative/RHit4Woa9EpvwBt8WHyPfn/kitchen-mixed-v0_4d3ae27a3035483c91ebd16e3be9c84d.mp4,10401,10501,4d3ae27a3035483c91ebd16e3be9c84d,63064,63164,{'1': {'0': 1}},comparative,,1,admin
62,4fcf43fda5dd47c8a05b6de93bba16e9,RHit4Woa9EpvwBt8WHyPfn,2024-09-02 18:44:03,1,0,@/assets/video/RHit4Woa9EpvwBt8WHyPfn_kitchen-mixed-v0_offline_comparative/RHit4Woa9EpvwBt8WHyPfn/kitchen-mixed-v0_4fcf43fda5dd47c8a05b6de93bba16e9.mp4,134449,134549,4fcf43fda5dd47c8a05b6de93bba16e9,81884,81984,{'1': {'0': 0}},comparative,,1,admin
63,5440e3d8f9284c829e07ec53a59f80e7,RHit4Woa9EpvwBt8WHyPfn,2024-09-02 18:44:26,1,0,@/assets/video/RHit4Woa9EpvwBt8WHyPfn_kitchen-mixed-v0_offline_comparative/RHit4Woa9EpvwBt8WHyPfn/kitchen-mixed-v0_5440e3d8f9284c829e07ec53a59f80e7.mp4,109489,109589,5440e3d8f9284c829e07ec53a59f80e7,49557,49657,{'1': {'0': 1}},comparative,,1,admin
64,55f13c1b6ce142a8a2869f6b29d17723,RHit4Woa9EpvwBt8WHyPfn,2024-09-02 18:45:14,1,0,@/assets/video/RHit4Woa9EpvwBt8WHyPfn_kitchen-mixed-v0_offline_comparative/RHit4Woa9EpvwBt8WHyPfn/kitchen-mixed-v0_55f13c1b6ce142a8a2869f6b29d17723.mp4,134070,134170,55f13c1b6ce142a8a2869f6b29d17723,75167,75267,{'1': {'0': 0}},comparative,,1,admin
65,55fee82d5f624ad8b6abc7a99803ef6d,RHit4Woa9EpvwBt8WHyPfn,2024-09-02 18:45:24,1,0,@/assets/video/RHit4Woa9EpvwBt8WHyPfn_kitchen-mixed-v0_offline_comparative/RHit4Woa9EpvwBt8WHyPfn/kitchen-mixed-v0_55fee82d5f624ad8b6abc7a99803ef6d.mp4,5613,5713,55fee82d5f624ad8b6abc7a99803ef6d,132000,132100,{'1': {'0': 2}},comparative,,1,admin
66,5642c0c9f56d4900a60cc379afdd1f8c,RHit4Woa9EpvwBt8WHyPfn,2024-09-02 18:45:39,1,0,@/assets/video/RHit4Woa9EpvwBt8WHyPfn_kitchen-mixed-v0_offline_comparative/RHit4Woa9EpvwBt8WHyPfn/kitchen-mixed-v0_5642c0c9f56d4900a60cc379afdd1f8c.mp4,73504,73604,5642c0c9f56d4900a60cc379afdd1f8c,132450,132550,{'1': {'0': 2}},comparative,,1,admin
67,569a8f6a886843508cef31e49c31a2a7,RHit4Woa9EpvwBt8WHyPfn,2024-09-02 18:45:45,1,0,@/assets/video/RHit4Woa9EpvwBt8WHyPfn_kitchen-mixed-v0_offline_comparative/RHit4Woa9EpvwBt8WHyPfn/kitchen-mixed-v0_569a8f6a886843508cef31e49c31a2a7.mp4,78965,79065,569a8f6a886843508cef31e49c31a2a7,95583,95683,{'1': {'0': 2}},comparative,,1,admin
68,58ba02611fe14786a280130a0a7a4505,RHit4Woa9EpvwBt8WHyPfn,2024-09-02 18:45:56,1,0,@/assets/video/RHit4Woa9EpvwBt8WHyPfn_kitchen-mixed-v0_offline_comparative/RHit4Woa9EpvwBt8WHyPfn/kitchen-mixed-v0_58ba02611fe14786a280130a0a7a4505.mp4,131567,131667,58ba02611fe14786a280130a0a7a4505,8148,8248,{'1': {'0': 0}},comparative,,1,admin
69,58e867c711214276885ecbf58633563d,RHit4Woa9EpvwBt8WHyPfn,2024-09-02 18:46:05,1,0,@/assets/video/RHit4Woa9EpvwBt8WHyPfn_kitchen-mixed-v0_offline_comparative/RHit4Woa9EpvwBt8WHyPfn/kitchen-mixed-v0_58e867c711214276885ecbf58633563d.mp4,90039,90139,58e867c711214276885ecbf58633563d,14189,14289,{'1': {'0': 2}},comparative,,1,admin
70,59f345d636954a80950a97fe5962e7f5,RHit4Woa9EpvwBt8WHyPfn,2024-09-02 18:46:16,1,0,@/assets/video/RHit4Woa9EpvwBt8WHyPfn_kitchen-mixed-v0_offline_comparative/RHit4Woa9EpvwBt8WHyPfn/kitchen-mixed-v0_59f345d636954a80950a97fe5962e7f5.mp4,89025,89125,59f345d636954a80950a97fe5962e7f5,38199,38299,{'1': {'0': 2}},comparative,,1,admin
71,5a5afdbc266449fd9cf25a0ffb03682d,RHit4Woa9EpvwBt8WHyPfn,2024-09-02 18:46:34,1,0,@/assets/video/RHit4Woa9EpvwBt8WHyPfn_kitchen-mixed-v0_offline_comparative/RHit4Woa9EpvwBt8WHyPfn/kitchen-mixed-v0_5a5afdbc266449fd9cf25a0ffb03682d.mp4,27581,27681,5a5afdbc266449fd9cf25a0ffb03682d,127156,127256,{'1': {'0': 0}},comparative,,1,admin
72,5b7dd9ce288345f58f77145c74214cc5,RHit4Woa9EpvwBt8WHyPfn,2024-09-02 18:46:45,1,0,@/assets/video/RHit4Woa9EpvwBt8WHyPfn_kitchen-mixed-v0_offline_comparative/RHit4Woa9EpvwBt8WHyPfn/kitchen-mixed-v0_5b7dd9ce288345f58f77145c74214cc5.mp4,18468,18568,5b7dd9ce288345f58f77145c74214cc5,62347,62447,{'1': {'0': 0}},comparative,,1,admin
73,5b8542f4e7174f6e91c9949bc575a80a,RHit4Woa9EpvwBt8WHyPfn,2024-09-02 18:47:12,1,0,@/assets/video/RHit4Woa9EpvwBt8WHyPfn_kitchen-mixed-v0_offline_comparative/RHit4Woa9EpvwBt8WHyPfn/kitchen-mixed-v0_5b8542f4e7174f6e91c9949bc575a80a.mp4,89704,89804,5b8542f4e7174f6e91c9949bc575a80a,52226,52326,{'1': {'0': 2}},comparative,,1,admin
74,5c92d115b2e749cca822eea7471a3cae,RHit4Woa9EpvwBt8WHyPfn,2024-09-02 18:47:30,1,0,@/assets/video/RHit4Woa9EpvwBt8WHyPfn_kitchen-mixed-v0_offline_comparative/RHit4Woa9EpvwBt8WHyPfn/kitchen-mixed-v0_5c92d115b2e749cca822eea7471a3cae.mp4,89683,89783,5c92d115b2e749cca822eea7471a3cae,33888,33988,{'1': {'0': 0}},comparative,,1,admin
75,5c92d4533511485c897b27c89f2f1e44,RHit4Woa9EpvwBt8WHyPfn,2024-09-02 18:47:49,1,0,@/assets/video/RHit4Woa9EpvwBt8WHyPfn_kitchen-mixed-v0_offline_comparative/RHit4Woa9EpvwBt8WHyPfn/kitchen-mixed-v0_5c92d4533511485c897b27c89f2f1e44.mp4,85832,85932,5c92d4533511485c897b27c89f2f1e44,66673,66773,{'1': {'0': 2}},comparative,,1,admin
76,5e3fe45cf97547398563a16cc638241b,RHit4Woa9EpvwBt8WHyPfn,2024-09-02 18:48:36,1,0,@/assets/video/RHit4Woa9EpvwBt8WHyPfn_kitchen-mixed-v0_offline_comparative/RHit4Woa9EpvwBt8WHyPfn/kitchen-mixed-v0_5e3fe45cf97547398563a16cc638241b.mp4,60697,60797,5e3fe45cf97547398563a16cc638241b,37250,37350,{'1': {'0': 2}},comparative,,1,admin
77,5e4764c45f534f169492a8a8578be4ad,RHit4Woa9EpvwBt8WHyPfn,2024-09-02 18:48:51,1,0,@/assets/video/RHit4Woa9EpvwBt8WHyPfn_kitchen-mixed-v0_offline_comparative/RHit4Woa9EpvwBt8WHyPfn/kitchen-mixed-v0_5e4764c45f534f169492a8a8578be4ad.mp4,53954,54054,5e4764c45f534f169492a8a8578be4ad,35451,35551,{'1': {'0': 1}},comparative,,1,admin
78,5efb6d0d9ede43059d56a6cb2681cdf2,RHit4Woa9EpvwBt8WHyPfn,2024-09-02 18:49:07,1,0,@/assets/video/RHit4Woa9EpvwBt8WHyPfn_kitchen-mixed-v0_offline_comparative/RHit4Woa9EpvwBt8WHyPfn/kitchen-mixed-v0_5efb6d0d9ede43059d56a6cb2681cdf2.mp4,54273,54373,5efb6d0d9ede43059d56a6cb2681cdf2,24412,24512,{'1': {'0': 1}},comparative,,1,admin
79,619f40a2648b45249f87083f918f936c,RHit4Woa9EpvwBt8WHyPfn,2024-09-02 18:49:25,1,0,@/assets/video/RHit4Woa9EpvwBt8WHyPfn_kitchen-mixed-v0_offline_comparative/RHit4Woa9EpvwBt8WHyPfn/kitchen-mixed-v0_619f40a2648b45249f87083f918f936c.mp4,10521,10621,619f40a2648b45249f87083f918f936c,19730,19830,{'1': {'0': 2}},comparative,,1,admin
80,635bc1c649bb48af9edf72d673c1f4c3,RHit4Woa9EpvwBt8WHyPfn,2024-09-02 18:52:58,2,0,@/assets/video/RHit4Woa9EpvwBt8WHyPfn_kitchen-mixed-v0_offline_comparative/RHit4Woa9EpvwBt8WHyPfn/kitchen-mixed-v0_635bc1c649bb48af9edf72d673c1f4c3.mp4,24690,24790,635bc1c649bb48af9edf72d673c1f4c3,42190,42290,{'1': {'0': 0}},comparative,,1,admin
81,638971418eda4185b9cd0e839d056127,RHit4Woa9EpvwBt8WHyPfn,2024-09-02 18:53:16,1,0,@/assets/video/RHit4Woa9EpvwBt8WHyPfn_kitchen-mixed-v0_offline_comparative/RHit4Woa9EpvwBt8WHyPfn/kitchen-mixed-v0_638971418eda4185b9cd0e839d056127.mp4,66507,66607,638971418eda4185b9cd0e839d056127,2887,2987,{'1': {'0': 0}},comparative,,1,admin
82,64aea796a73a4372bd5437644355dbe1,RHit4Woa9EpvwBt8WHyPfn,2024-09-02 18:53:28,1,0,@/assets/video/RHit4Woa9EpvwBt8WHyPfn_kitchen-mixed-v0_offline_comparative/RHit4Woa9EpvwBt8WHyPfn/kitchen-mixed-v0_64aea796a73a4372bd5437644355dbe1.mp4,46075,46175,64aea796a73a4372bd5437644355dbe1,98968,99068,{'1': {'0': 1}},comparative,,1,admin
83,658c3141d4e2431a9b6d70c5927c90c4,RHit4Woa9EpvwBt8WHyPfn,2024-09-02 18:53:42,1,0,@/assets/video/RHit4Woa9EpvwBt8WHyPfn_kitchen-mixed-v0_offline_comparative/RHit4Woa9EpvwBt8WHyPfn/kitchen-mixed-v0_658c3141d4e2431a9b6d70c5927c90c4.mp4,8150,8250,658c3141d4e2431a9b6d70c5927c90c4,45584,45684,{'1': {'0': 2}},comparative,,1,admin
84,658c8a7a941d47cd83b03993c0c16cae,RHit4Woa9EpvwBt8WHyPfn,2024-09-02 18:53:55,1,0,@/assets/video/RHit4Woa9EpvwBt8WHyPfn_kitchen-mixed-v0_offline_comparative/RHit4Woa9EpvwBt8WHyPfn/kitchen-mixed-v0_658c8a7a941d47cd83b03993c0c16cae.mp4,118837,118937,658c8a7a941d47cd83b03993c0c16cae,69834,69934,{'1': {'0': 2}},comparative,,1,admin
85,65cb8e9766ef46c38a5d32c7880263fc,RHit4Woa9EpvwBt8WHyPfn,2024-09-02 18:54:06,1,0,@/assets/video/RHit4Woa9EpvwBt8WHyPfn_kitchen-mixed-v0_offline_comparative/RHit4Woa9EpvwBt8WHyPfn/kitchen-mixed-v0_65cb8e9766ef46c38a5d32c7880263fc.mp4,82583,82683,65cb8e9766ef46c38a5d32c7880263fc,100945,101045,{'1': {'0': 2}},comparative,,1,admin
86,66a66ee6a6ca4300843a9a5305d6b94b,RHit4Woa9EpvwBt8WHyPfn,2024-09-02 18:54:24,1,0,@/assets/video/RHit4Woa9EpvwBt8WHyPfn_kitchen-mixed-v0_offline_comparative/RHit4Woa9EpvwBt8WHyPfn/kitchen-mixed-v0_66a66ee6a6ca4300843a9a5305d6b94b.mp4,3832,3932,66a66ee6a6ca4300843a9a5305d6b94b,71349,71449,{'1': {'0': 2}},comparative,,1,admin
87,6745c70d74e84979963339f21100abed,RHit4Woa9EpvwBt8WHyPfn,2024-09-02 18:55:23,1,0,@/assets/video/RHit4Woa9EpvwBt8WHyPfn_kitchen-mixed-v0_offline_comparative/RHit4Woa9EpvwBt8WHyPfn/kitchen-mixed-v0_6745c70d74e84979963339f21100abed.mp4,59464,59564,6745c70d74e84979963339f21100abed,85368,85468,{'1': {'0': 1}},comparative,,1,admin
88,6771ce51f25448fca0b469c1209fbc1f,RHit4Woa9EpvwBt8WHyPfn,2024-09-02 18:55:31,1,0,@/assets/video/RHit4Woa9EpvwBt8WHyPfn_kitchen-mixed-v0_offline_comparative/RHit4Woa9EpvwBt8WHyPfn/kitchen-mixed-v0_6771ce51f25448fca0b469c1209fbc1f.mp4,118089,118189,6771ce51f25448fca0b469c1209fbc1f,57865,57965,{'1': {'0': 2}},comparative,,1,admin
89,67b309783db94c5fae263ffe2654f807,RHit4Woa9EpvwBt8WHyPfn,2024-09-02 18:55:45,1,0,@/assets/video/RHit4Woa9EpvwBt8WHyPfn_kitchen-mixed-v0_offline_comparative/RHit4Woa9EpvwBt8WHyPfn/kitchen-mixed-v0_67b309783db94c5fae263ffe2654f807.mp4,85972,86072,67b309783db94c5fae263ffe2654f807,19024,19124,{'1': {'0': 0}},comparative,,1,admin
90,6837ea6eac89442cbdb5cef2d62f0b9f,RHit4Woa9EpvwBt8WHyPfn,2024-09-02 18:56:01,1,0,@/assets/video/RHit4Woa9EpvwBt8WHyPfn_kitchen-mixed-v0_offline_comparative/RHit4Woa9EpvwBt8WHyPfn/kitchen-mixed-v0_6837ea6eac89442cbdb5cef2d62f0b9f.mp4,75841,75941,6837ea6eac89442cbdb5cef2d62f0b9f,62167,62267,{'1': {'0': 1}},comparative,,1,admin
91,68601e01982c4023a1245750fffb93ee,RHit4Woa9EpvwBt8WHyPfn,2024-09-02 18:56:45,1,0,@/assets/video/RHit4Woa9EpvwBt8WHyPfn_kitchen-mixed-v0_offline_comparative/RHit4Woa9EpvwBt8WHyPfn/kitchen-mixed-v0_68601e01982c4023a1245750fffb93ee.mp4,33707,33807,68601e01982c4023a1245750fffb93ee,93864,93964,{'1': {'0': 2}},comparative,,1,admin
92,6c072c325f5d423ba2f76886665b1ef9,RHit4Woa9EpvwBt8WHyPfn,2024-09-02 18:56:59,1,0,@/assets/video/RHit4Woa9EpvwBt8WHyPfn_kitchen-mixed-v0_offline_comparative/RHit4Woa9EpvwBt8WHyPfn/kitchen-mixed-v0_6c072c325f5d423ba2f76886665b1ef9.mp4,3556,3656,6c072c325f5d423ba2f76886665b1ef9,15182,15282,{'1': {'0': 2}},comparative,,1,admin
93,6db9bbb27b0746078b65ec894f9d2790,RHit4Woa9EpvwBt8WHyPfn,2024-09-02 18:57:14,1,0,@/assets/video/RHit4Woa9EpvwBt8WHyPfn_kitchen-mixed-v0_offline_comparative/RHit4Woa9EpvwBt8WHyPfn/kitchen-mixed-v0_6db9bbb27b0746078b65ec894f9d2790.mp4,120349,120449,6db9bbb27b0746078b65ec894f9d2790,69213,69313,{'1': {'0': 2}},comparative,,1,admin
94,6e25df19b5e2472ebf1884dd97faf1ec,RHit4Woa9EpvwBt8WHyPfn,2024-09-02 18:57:23,1,0,@/assets/video/RHit4Woa9EpvwBt8WHyPfn_kitchen-mixed-v0_offline_comparative/RHit4Woa9EpvwBt8WHyPfn/kitchen-mixed-v0_6e25df19b5e2472ebf1884dd97faf1ec.mp4,122264,122364,6e25df19b5e2472ebf1884dd97faf1ec,72931,73031,{'1': {'0': 2}},comparative,,1,admin
95,6faf0fb005ec40ef8f3ff9e27f4aad7d,RHit4Woa9EpvwBt8WHyPfn,2024-09-02 18:57:43,1,0,@/assets/video/RHit4Woa9EpvwBt8WHyPfn_kitchen-mixed-v0_offline_comparative/RHit4Woa9EpvwBt8WHyPfn/kitchen-mixed-v0_6faf0fb005ec40ef8f3ff9e27f4aad7d.mp4,59374,59474,6faf0fb005ec40ef8f3ff9e27f4aad7d,114746,114846,{'1': {'0': 0}},comparative,,1,admin
96,719ee7222ad44d048e2a22a7e97c6001,RHit4Woa9EpvwBt8WHyPfn,2024-09-02 18:57:54,1,0,@/assets/video/RHit4Woa9EpvwBt8WHyPfn_kitchen-mixed-v0_offline_comparative/RHit4Woa9EpvwBt8WHyPfn/kitchen-mixed-v0_719ee7222ad44d048e2a22a7e97c6001.mp4,13306,13406,719ee7222ad44d048e2a22a7e97c6001,90855,90955,{'1': {'0': 2}},comparative,,1,admin
97,71c5710259ab476a9d5982b2ac310e5f,RHit4Woa9EpvwBt8WHyPfn,2024-09-02 18:58:05,1,0,@/assets/video/RHit4Woa9EpvwBt8WHyPfn_kitchen-mixed-v0_offline_comparative/RHit4Woa9EpvwBt8WHyPfn/kitchen-mixed-v0_71c5710259ab476a9d5982b2ac310e5f.mp4,68885,68985,71c5710259ab476a9d5982b2ac310e5f,120370,120470,{'1': {'0': 0}},comparative,,1,admin
98,72926d1a456d4444995fad5ce0fe2f56,RHit4Woa9EpvwBt8WHyPfn,2024-09-02 18:58:31,1,0,@/assets/video/RHit4Woa9EpvwBt8WHyPfn_kitchen-mixed-v0_offline_comparative/RHit4Woa9EpvwBt8WHyPfn/kitchen-mixed-v0_72926d1a456d4444995fad5ce0fe2f56.mp4,124661,124761,72926d1a456d4444995fad5ce0fe2f56,100239,100339,{'1': {'0': 0}},comparative,,1,admin
99,74a1e013873749c194f34484e625b90b,RHit4Woa9EpvwBt8WHyPfn,2024-09-02 18:58:44,1,0,@/assets/video/RHit4Woa9EpvwBt8WHyPfn_kitchen-mixed-v0_offline_comparative/RHit4Woa9EpvwBt8WHyPfn/kitchen-mixed-v0_74a1e013873749c194f34484e625b90b.mp4,58509,58609,74a1e013873749c194f34484e625b90b,65686,65786,{'1': {'0': 1}},comparative,,1,admin
100,7548f5abe47e4f4d891fd3684a4a02f9,RHit4Woa9EpvwBt8WHyPfn,2024-09-02 18:59:07,1,0,@/assets/video/RHit4Woa9EpvwBt8WHyPfn_kitchen-mixed-v0_offline_comparative/RHit4Woa9EpvwBt8WHyPfn/kitchen-mixed-v0_7548f5abe47e4f4d891fd3684a4a02f9.mp4,107610,107710,7548f5abe47e4f4d891fd3684a4a02f9,33243,33343,{'1': {'0': 1}},comparative,,1,admin
101,75f9581ccc4e4040a754580f7b3b3147,RHit4Woa9EpvwBt8WHyPfn,2024-09-02 19:00:14,1,0,@/assets/video/RHit4Woa9EpvwBt8WHyPfn_kitchen-mixed-v0_offline_comparative/RHit4Woa9EpvwBt8WHyPfn/kitchen-mixed-v0_75f9581ccc4e4040a754580f7b3b3147.mp4,103082,103182,75f9581ccc4e4040a754580f7b3b3147,104894,104994,{'1': {'0': 1}},comparative,,1,admin
102,77953e1fd9d74cab822afaf18634b598,RHit4Woa9EpvwBt8WHyPfn,2024-09-02 19:00:25,1,0,@/assets/video/RHit4Woa9EpvwBt8WHyPfn_kitchen-mixed-v0_offline_comparative/RHit4Woa9EpvwBt8WHyPfn/kitchen-mixed-v0_77953e1fd9d74cab822afaf18634b598.mp4,41315,41415,77953e1fd9d74cab822afaf18634b598,5314,5414,{'1': {'0': 0}},comparative,,1,admin
103,789ed940e0964058bde700b07aaae498,RHit4Woa9EpvwBt8WHyPfn,2024-09-02 19:00:37,1,0,@/assets/video/RHit4Woa9EpvwBt8WHyPfn_kitchen-mixed-v0_offline_comparative/RHit4Woa9EpvwBt8WHyPfn/kitchen-mixed-v0_789ed940e0964058bde700b07aaae498.mp4,57604,57704,789ed940e0964058bde700b07aaae498,88454,88554,{'1': {'0': 0}},comparative,,1,admin
104,78ac3d9a16d146239b759890ac1c7958,RHit4Woa9EpvwBt8WHyPfn,2024-09-02 19:00:46,1,0,@/assets/video/RHit4Woa9EpvwBt8WHyPfn_kitchen-mixed-v0_offline_comparative/RHit4Woa9EpvwBt8WHyPfn/kitchen-mixed-v0_78ac3d9a16d146239b759890ac1c7958.mp4,37577,37677,78ac3d9a16d146239b759890ac1c7958,71238,71338,{'1': {'0': 0}},comparative,,1,admin
105,794519f11381451291be781d2f2fad94,RHit4Woa9EpvwBt8WHyPfn,2024-09-02 19:00:57,1,0,@/assets/video/RHit4Woa9EpvwBt8WHyPfn_kitchen-mixed-v0_offline_comparative/RHit4Woa9EpvwBt8WHyPfn/kitchen-mixed-v0_794519f11381451291be781d2f2fad94.mp4,21894,21994,794519f11381451291be781d2f2fad94,28,128,{'1': {'0': 1}},comparative,,1,admin
106,79ff6b117abc4b029d75abb70dd61252,RHit4Woa9EpvwBt8WHyPfn,2024-09-02 19:01:10,1,0,@/assets/video/RHit4Woa9EpvwBt8WHyPfn_kitchen-mixed-v0_offline_comparative/RHit4Woa9EpvwBt8WHyPfn/kitchen-mixed-v0_79ff6b117abc4b029d75abb70dd61252.mp4,32388,32488,79ff6b117abc4b029d75abb70dd61252,52921,53021,{'1': {'0': 2}},comparative,,1,admin
107,7b2e7e8c999d44959b444c9fd8b55853,RHit4Woa9EpvwBt8WHyPfn,2024-09-02 19:01:19,1,0,@/assets/video/RHit4Woa9EpvwBt8WHyPfn_kitchen-mixed-v0_offline_comparative/RHit4Woa9EpvwBt8WHyPfn/kitchen-mixed-v0_7b2e7e8c999d44959b444c9fd8b55853.mp4,56544,56644,7b2e7e8c999d44959b444c9fd8b55853,116035,116135,{'1': {'0': 0}},comparative,,1,admin
108,7fd9557edb3d4ab899f51dc508eec1e6,RHit4Woa9EpvwBt8WHyPfn,2024-09-02 19:01:34,1,0,@/assets/video/RHit4Woa9EpvwBt8WHyPfn_kitchen-mixed-v0_offline_comparative/RHit4Woa9EpvwBt8WHyPfn/kitchen-mixed-v0_7fd9557edb3d4ab899f51dc508eec1e6.mp4,61817,61917,7fd9557edb3d4ab899f51dc508eec1e6,38783,38883,{'1': {'0': 1}},comparative,,1,admin
109,81884d1e1a694a4c9daa79b3760f4a83,RHit4Woa9EpvwBt8WHyPfn,2024-09-02 19:01:44,1,0,@/assets/video/RHit4Woa9EpvwBt8WHyPfn_kitchen-mixed-v0_offline_comparative/RHit4Woa9EpvwBt8WHyPfn/kitchen-mixed-v0_81884d1e1a694a4c9daa79b3760f4a83.mp4,73543,73643,81884d1e1a694a4c9daa79b3760f4a83,64073,64173,{'1': {'0': 1}},comparative,,1,admin
110,82e5bc57a1fc47d8826d455d6e343a41,RHit4Woa9EpvwBt8WHyPfn,2024-09-02 19:01:54,1,0,@/assets/video/RHit4Woa9EpvwBt8WHyPfn_kitchen-mixed-v0_offline_comparative/RHit4Woa9EpvwBt8WHyPfn/kitchen-mixed-v0_82e5bc57a1fc47d8826d455d6e343a41.mp4,30725,30825,82e5bc57a1fc47d8826d455d6e343a41,47393,47493,{'1': {'0': 0}},comparative,,1,admin
111,863721ee846b4ddd9814429d66d5d4d2,RHit4Woa9EpvwBt8WHyPfn,2024-09-02 19:02:14,1,0,@/assets/video/RHit4Woa9EpvwBt8WHyPfn_kitchen-mixed-v0_offline_comparative/RHit4Woa9EpvwBt8WHyPfn/kitchen-mixed-v0_863721ee846b4ddd9814429d66d5d4d2.mp4,76590,76690,863721ee846b4ddd9814429d66d5d4d2,116994,117094,{'1': {'0': 0}},comparative,,1,admin
112,86e0c8f5264d47679042d8d86606ed98,RHit4Woa9EpvwBt8WHyPfn,2024-09-02 19:02:25,1,0,@/assets/video/RHit4Woa9EpvwBt8WHyPfn_kitchen-mixed-v0_offline_comparative/RHit4Woa9EpvwBt8WHyPfn/kitchen-mixed-v0_86e0c8f5264d47679042d8d86606ed98.mp4,60939,61039,86e0c8f5264d47679042d8d86606ed98,44543,44643,{'1': {'0': 1}},comparative,,1,admin
113,870aad0293a0485da1d133b573e769a2,RHit4Woa9EpvwBt8WHyPfn,2024-09-02 19:02:34,1,0,@/assets/video/RHit4Woa9EpvwBt8WHyPfn_kitchen-mixed-v0_offline_comparative/RHit4Woa9EpvwBt8WHyPfn/kitchen-mixed-v0_870aad0293a0485da1d133b573e769a2.mp4,102871,102971,870aad0293a0485da1d133b573e769a2,36801,36901,{'1': {'0': 2}},comparative,,1,admin
114,882e812193a24e7cbe65ecdd317a12d7,RHit4Woa9EpvwBt8WHyPfn,2024-09-02 19:02:40,1,0,@/assets/video/RHit4Woa9EpvwBt8WHyPfn_kitchen-mixed-v0_offline_comparative/RHit4Woa9EpvwBt8WHyPfn/kitchen-mixed-v0_882e812193a24e7cbe65ecdd317a12d7.mp4,70805,70905,882e812193a24e7cbe65ecdd317a12d7,132449,132549,{'1': {'0': 2}},comparative,,1,admin
115,88b960c875c145de8d72970d657a6df5,RHit4Woa9EpvwBt8WHyPfn,2024-09-02 19:02:51,1,0,@/assets/video/RHit4Woa9EpvwBt8WHyPfn_kitchen-mixed-v0_offline_comparative/RHit4Woa9EpvwBt8WHyPfn/kitchen-mixed-v0_88b960c875c145de8d72970d657a6df5.mp4,67190,67290,88b960c875c145de8d72970d657a6df5,46847,46947,{'1': {'0': 1}},comparative,,1,admin
116,88dfe8b2430d484cbc69f4b552cd265f,RHit4Woa9EpvwBt8WHyPfn,2024-09-02 19:03:02,1,0,@/assets/video/RHit4Woa9EpvwBt8WHyPfn_kitchen-mixed-v0_offline_comparative/RHit4Woa9EpvwBt8WHyPfn/kitchen-mixed-v0_88dfe8b2430d484cbc69f4b552cd265f.mp4,57151,57251,88dfe8b2430d484cbc69f4b552cd265f,4259,4359,{'1': {'0': 0}},comparative,,1,admin
117,8a67ddfb53da4efbb8ed11a3f947a199,RHit4Woa9EpvwBt8WHyPfn,2024-09-02 19:03:17,1,0,@/assets/video/RHit4Woa9EpvwBt8WHyPfn_kitchen-mixed-v0_offline_comparative/RHit4Woa9EpvwBt8WHyPfn/kitchen-mixed-v0_8a67ddfb53da4efbb8ed11a3f947a199.mp4,37052,37152,8a67ddfb53da4efbb8ed11a3f947a199,136584,136684,{'1': {'0': 2}},comparative,,1,admin
118,8ff7a52a85bc45cea2721e96714842af,RHit4Woa9EpvwBt8WHyPfn,2024-09-02 19:03:32,1,0,@/assets/video/RHit4Woa9EpvwBt8WHyPfn_kitchen-mixed-v0_offline_comparative/RHit4Woa9EpvwBt8WHyPfn/kitchen-mixed-v0_8ff7a52a85bc45cea2721e96714842af.mp4,53413,53513,8ff7a52a85bc45cea2721e96714842af,120074,120174,{'1': {'0': 0}},comparative,,1,admin
119,91311fb0d6014581966f60597fe9cf21,RHit4Woa9EpvwBt8WHyPfn,2024-09-02 19:03:51,1,0,@/assets/video/RHit4Woa9EpvwBt8WHyPfn_kitchen-mixed-v0_offline_comparative/RHit4Woa9EpvwBt8WHyPfn/kitchen-mixed-v0_91311fb0d6014581966f60597fe9cf21.mp4,50631,50731,91311fb0d6014581966f60597fe9cf21,40455,40555,{'1': {'0': 1}},comparative,,1,admin
120,98e828436a514812ad350f873c9a1019,RHit4Woa9EpvwBt8WHyPfn,2024-09-02 19:04:04,1,0,@/assets/video/RHit4Woa9EpvwBt8WHyPfn_kitchen-mixed-v0_offline_comparative/RHit4Woa9EpvwBt8WHyPfn/kitchen-mixed-v0_98e828436a514812ad350f873c9a1019.mp4,80884,80984,98e828436a514812ad350f873c9a1019,113342,113442,{'1': {'0': 1}},comparative,,1,admin
121,9d3e8a1b039e4d4aa15931960bb2e3d5,RHit4Woa9EpvwBt8WHyPfn,2024-09-02 19:04:20,1,0,@/assets/video/RHit4Woa9EpvwBt8WHyPfn_kitchen-mixed-v0_offline_comparative/RHit4Woa9EpvwBt8WHyPfn/kitchen-mixed-v0_9d3e8a1b039e4d4aa15931960bb2e3d5.mp4,22902,23002,9d3e8a1b039e4d4aa15931960bb2e3d5,66521,66621,{'1': {'0': 2}},comparative,,1,admin
122,a051c0f836fe4c078782283ddeb3275f,RHit4Woa9EpvwBt8WHyPfn,2024-09-02 19:04:42,1,0,@/assets/video/RHit4Woa9EpvwBt8WHyPfn_kitchen-mixed-v0_offline_comparative/RHit4Woa9EpvwBt8WHyPfn/kitchen-mixed-v0_a051c0f836fe4c078782283ddeb3275f.mp4,21570,21670,a051c0f836fe4c078782283ddeb3275f,125657,125757,{'1': {'0': 0}},comparative,,1,admin
123,a234396a3fc4468b8ca831dced95b6aa,RHit4Woa9EpvwBt8WHyPfn,2024-09-02 19:04:49,1,0,@/assets/video/RHit4Woa9EpvwBt8WHyPfn_kitchen-mixed-v0_offline_comparative/RHit4Woa9EpvwBt8WHyPfn/kitchen-mixed-v0_a234396a3fc4468b8ca831dced95b6aa.mp4,97770,97870,a234396a3fc4468b8ca831dced95b6aa,105944,106044,{'1': {'0': 0}},comparative,,1,admin
124,a431a6627c66466eb85a9a04442c6b67,RHit4Woa9EpvwBt8WHyPfn,2024-09-02 19:05:13,1,0,@/assets/video/RHit4Woa9EpvwBt8WHyPfn_kitchen-mixed-v0_offline_comparative/RHit4Woa9EpvwBt8WHyPfn/kitchen-mixed-v0_a431a6627c66466eb85a9a04442c6b67.mp4,48835,48935,a431a6627c66466eb85a9a04442c6b67,52897,52997,{'1': {'0': 2}},comparative,,1,admin
125,a455e62f06484440bc99148cfb5229e6,RHit4Woa9EpvwBt8WHyPfn,2024-09-02 19:05:24,1,0,@/assets/video/RHit4Woa9EpvwBt8WHyPfn_kitchen-mixed-v0_offline_comparative/RHit4Woa9EpvwBt8WHyPfn/kitchen-mixed-v0_a455e62f06484440bc99148cfb5229e6.mp4,89698,89798,a455e62f06484440bc99148cfb5229e6,706,806,{'1': {'0': 1}},comparative,,1,admin
126,a57ba4b35d6b4a5e9bf8317420c915c4,RHit4Woa9EpvwBt8WHyPfn,2024-09-02 19:05:37,1,0,@/assets/video/RHit4Woa9EpvwBt8WHyPfn_kitchen-mixed-v0_offline_comparative/RHit4Woa9EpvwBt8WHyPfn/kitchen-mixed-v0_a57ba4b35d6b4a5e9bf8317420c915c4.mp4,131596,131696,a57ba4b35d6b4a5e9bf8317420c915c4,120382,120482,{'1': {'0': 0}},comparative,,1,admin
127,a64a3f344f994d4a8715813a2e7f3cd5,RHit4Woa9EpvwBt8WHyPfn,2024-09-02 19:05:48,1,0,@/assets/video/RHit4Woa9EpvwBt8WHyPfn_kitchen-mixed-v0_offline_comparative/RHit4Woa9EpvwBt8WHyPfn/kitchen-mixed-v0_a64a3f344f994d4a8715813a2e7f3cd5.mp4,32089,32189,a64a3f344f994d4a8715813a2e7f3cd5,94805,94905,{'1': {'0': 0}},comparative,,1,admin
128,a655510d7114455bbe06d0a6caee2543,RHit4Woa9EpvwBt8WHyPfn,2024-09-02 19:05:58,1,0,@/assets/video/RHit4Woa9EpvwBt8WHyPfn_kitchen-mixed-v0_offline_comparative/RHit4Woa9EpvwBt8WHyPfn/kitchen-mixed-v0_a655510d7114455bbe06d0a6caee2543.mp4,114555,114655,a655510d7114455bbe06d0a6caee2543,56724,56824,{'1': {'0': 2}},comparative,,1,admin
129,a760f33ce87e4fe8914dba43bea45ae8,RHit4Woa9EpvwBt8WHyPfn,2024-09-02 19:06:24,1,0,@/assets/video/RHit4Woa9EpvwBt8WHyPfn_kitchen-mixed-v0_offline_comparative/RHit4Woa9EpvwBt8WHyPfn/kitchen-mixed-v0_a760f33ce87e4fe8914dba43bea45ae8.mp4,114264,114364,a760f33ce87e4fe8914dba43bea45ae8,36238,36338,{'1': {'0': 2}},comparative,,1,admin
130,a78b31d1a8c949feb67b8cc3765e7398,RHit4Woa9EpvwBt8WHyPfn,2024-09-02 19:06:34,1,0,@/assets/video/RHit4Woa9EpvwBt8WHyPfn_kitchen-mixed-v0_offline_comparative/RHit4Woa9EpvwBt8WHyPfn/kitchen-mixed-v0_a78b31d1a8c949feb67b8cc3765e7398.mp4,35438,35538,a78b31d1a8c949feb67b8cc3765e7398,81290,81390,{'1': {'0': 2}},comparative,,1,admin
131,a96265de96a24f7d96b374f05eace79e,RHit4Woa9EpvwBt8WHyPfn,2024-09-02 19:06:53,1,0,@/assets/video/RHit4Woa9EpvwBt8WHyPfn_kitchen-mixed-v0_offline_comparative/RHit4Woa9EpvwBt8WHyPfn/kitchen-mixed-v0_a96265de96a24f7d96b374f05eace79e.mp4,108138,108238,a96265de96a24f7d96b374f05eace79e,66960,67060,{'1': {'0': 2}},comparative,,1,admin
132,a9b1543fc4a649df95147d3c2ab47644,RHit4Woa9EpvwBt8WHyPfn,2024-09-02 19:07:04,1,0,@/assets/video/RHit4Woa9EpvwBt8WHyPfn_kitchen-mixed-v0_offline_comparative/RHit4Woa9EpvwBt8WHyPfn/kitchen-mixed-v0_a9b1543fc4a649df95147d3c2ab47644.mp4,68349,68449,a9b1543fc4a649df95147d3c2ab47644,136549,136649,{'1': {'0': 2}},comparative,,1,admin
133,a9d729a5da7f483aa8adbac9317adb8e,RHit4Woa9EpvwBt8WHyPfn,2024-09-02 19:07:15,1,0,@/assets/video/RHit4Woa9EpvwBt8WHyPfn_kitchen-mixed-v0_offline_comparative/RHit4Woa9EpvwBt8WHyPfn/kitchen-mixed-v0_a9d729a5da7f483aa8adbac9317adb8e.mp4,34136,34236,a9d729a5da7f483aa8adbac9317adb8e,123651,123751,{'1': {'0': 0}},comparative,,1,admin
134,aaf67e615009416e81f3cad386062052,RHit4Woa9EpvwBt8WHyPfn,2024-09-02 19:07:31,1,0,@/assets/video/RHit4Woa9EpvwBt8WHyPfn_kitchen-mixed-v0_offline_comparative/RHit4Woa9EpvwBt8WHyPfn/kitchen-mixed-v0_aaf67e615009416e81f3cad386062052.mp4,83146,83246,aaf67e615009416e81f3cad386062052,19834,19934,{'1': {'0': 2}},comparative,,1,admin
135,ab97e29adcd747b2b6077efa0c1f3380,RHit4Woa9EpvwBt8WHyPfn,2024-09-02 19:07:44,1,0,@/assets/video/RHit4Woa9EpvwBt8WHyPfn_kitchen-mixed-v0_offline_comparative/RHit4Woa9EpvwBt8WHyPfn/kitchen-mixed-v0_ab97e29adcd747b2b6077efa0c1f3380.mp4,88865,88965,ab97e29adcd747b2b6077efa0c1f3380,122033,122133,{'1': {'0': 0}},comparative,,1,admin
136,ae5babc8076241b2953688e8f917731f,RHit4Woa9EpvwBt8WHyPfn,2024-09-02 19:09:03,1,0,@/assets/video/RHit4Woa9EpvwBt8WHyPfn_kitchen-mixed-v0_offline_comparative/RHit4Woa9EpvwBt8WHyPfn/kitchen-mixed-v0_ae5babc8076241b2953688e8f917731f.mp4,66854,66954,ae5babc8076241b2953688e8f917731f,133476,133576,{'1': {'0': 2}},comparative,,1,admin
137,aef3645cf2f7402da22a913ca428681c,RHit4Woa9EpvwBt8WHyPfn,2024-09-02 19:09:28,1,0,@/assets/video/RHit4Woa9EpvwBt8WHyPfn_kitchen-mixed-v0_offline_comparative/RHit4Woa9EpvwBt8WHyPfn/kitchen-mixed-v0_aef3645cf2f7402da22a913ca428681c.mp4,111889,111989,aef3645cf2f7402da22a913ca428681c,110378,110478,{'1': {'0': 1}},comparative,,1,admin
138,b15f91ef468345edafa7b1832a243fcb,RHit4Woa9EpvwBt8WHyPfn,2024-09-02 19:09:45,1,0,@/assets/video/RHit4Woa9EpvwBt8WHyPfn_kitchen-mixed-v0_offline_comparative/RHit4Woa9EpvwBt8WHyPfn/kitchen-mixed-v0_b15f91ef468345edafa7b1832a243fcb.mp4,134473,134573,b15f91ef468345edafa7b1832a243fcb,84455,84555,{'1': {'0': 0}},comparative,,1,admin
139,b233762255684588aba3abe803719d0b,RHit4Woa9EpvwBt8WHyPfn,2024-09-02 19:09:57,1,0,@/assets/video/RHit4Woa9EpvwBt8WHyPfn_kitchen-mixed-v0_offline_comparative/RHit4Woa9EpvwBt8WHyPfn/kitchen-mixed-v0_b233762255684588aba3abe803719d0b.mp4,22905,23005,b233762255684588aba3abe803719d0b,50876,50976,{'1': {'0': 2}},comparative,,1,admin
140,b4919992db184a9f9d3a4b65b26b7e02,RHit4Woa9EpvwBt8WHyPfn,2024-09-02 19:10:08,1,0,@/assets/video/RHit4Woa9EpvwBt8WHyPfn_kitchen-mixed-v0_offline_comparative/RHit4Woa9EpvwBt8WHyPfn/kitchen-mixed-v0_b4919992db184a9f9d3a4b65b26b7e02.mp4,36860,36960,b4919992db184a9f9d3a4b65b26b7e02,42564,42664,{'1': {'0': 2}},comparative,,1,admin
141,b5c3864927be483daea223e0b5caa079,RHit4Woa9EpvwBt8WHyPfn,2024-09-02 19:10:26,1,0,@/assets/video/RHit4Woa9EpvwBt8WHyPfn_kitchen-mixed-v0_offline_comparative/RHit4Woa9EpvwBt8WHyPfn/kitchen-mixed-v0_b5c3864927be483daea223e0b5caa079.mp4,5988,6088,b5c3864927be483daea223e0b5caa079,67419,67519,{'1': {'0': 2}},comparative,,1,admin
142,b6581f18b2d34318b97531cfa1f8b241,RHit4Woa9EpvwBt8WHyPfn,2024-09-02 19:10:36,1,0,@/assets/video/RHit4Woa9EpvwBt8WHyPfn_kitchen-mixed-v0_offline_comparative/RHit4Woa9EpvwBt8WHyPfn/kitchen-mixed-v0_b6581f18b2d34318b97531cfa1f8b241.mp4,54445,54545,b6581f18b2d34318b97531cfa1f8b241,39884,39984,{'1': {'0': 0}},comparative,,1,admin
143,b77b088b34874c5ab7ece4c2b52c2854,RHit4Woa9EpvwBt8WHyPfn,2024-09-02 19:10:48,1,0,@/assets/video/RHit4Woa9EpvwBt8WHyPfn_kitchen-mixed-v0_offline_comparative/RHit4Woa9EpvwBt8WHyPfn/kitchen-mixed-v0_b77b088b34874c5ab7ece4c2b52c2854.mp4,40261,40361,b77b088b34874c5ab7ece4c2b52c2854,17734,17834,{'1': {'0': 0}},comparative,,1,admin
144,b7ddb7920c954abba267ae4eaaf50154,RHit4Woa9EpvwBt8WHyPfn,2024-09-02 19:11:01,1,0,@/assets/video/RHit4Woa9EpvwBt8WHyPfn_kitchen-mixed-v0_offline_comparative/RHit4Woa9EpvwBt8WHyPfn/kitchen-mixed-v0_b7ddb7920c954abba267ae4eaaf50154.mp4,68323,68423,b7ddb7920c954abba267ae4eaaf50154,66198,66298,{'1': {'0': 0}},comparative,,1,admin
145,b84cd12d6ae2437f88fda50b4f7749a8,RHit4Woa9EpvwBt8WHyPfn,2024-09-02 19:11:15,1,0,@/assets/video/RHit4Woa9EpvwBt8WHyPfn_kitchen-mixed-v0_offline_comparative/RHit4Woa9EpvwBt8WHyPfn/kitchen-mixed-v0_b84cd12d6ae2437f88fda50b4f7749a8.mp4,99622,99722,b84cd12d6ae2437f88fda50b4f7749a8,12633,12733,{'1': {'0': 0}},comparative,,1,admin
146,b8544d59f2d44d75bc723b1dd2b81805,RHit4Woa9EpvwBt8WHyPfn,2024-09-02 19:11:26,1,0,@/assets/video/RHit4Woa9EpvwBt8WHyPfn_kitchen-mixed-v0_offline_comparative/RHit4Woa9EpvwBt8WHyPfn/kitchen-mixed-v0_b8544d59f2d44d75bc723b1dd2b81805.mp4,135621,135721,b8544d59f2d44d75bc723b1dd2b81805,55614,55714,{'1': {'0': 1}},comparative,,1,admin
147,b931fa14a9f84232b6215dd9d87fb880,RHit4Woa9EpvwBt8WHyPfn,2024-09-02 19:12:50,1,0,@/assets/video/RHit4Woa9EpvwBt8WHyPfn_kitchen-mixed-v0_offline_comparative/RHit4Woa9EpvwBt8WHyPfn/kitchen-mixed-v0_b931fa14a9f84232b6215dd9d87fb880.mp4,34752,34852,b931fa14a9f84232b6215dd9d87fb880,66735,66835,{'1': {'0': 0}},comparative,,1,admin
148,b9428c497e7047a5ad88fe702931d0ab,RHit4Woa9EpvwBt8WHyPfn,2024-09-02 19:13:09,1,0,@/assets/video/RHit4Woa9EpvwBt8WHyPfn_kitchen-mixed-v0_offline_comparative/RHit4Woa9EpvwBt8WHyPfn/kitchen-mixed-v0_b9428c497e7047a5ad88fe702931d0ab.mp4,73715,73815,b9428c497e7047a5ad88fe702931d0ab,10516,10616,{'1': {'0': 1}},comparative,,1,admin
149,babeabefdf75435887decb70a0fdf1f0,RHit4Woa9EpvwBt8WHyPfn,2024-09-02 19:13:19,1,0,@/assets/video/RHit4Woa9EpvwBt8WHyPfn_kitchen-mixed-v0_offline_comparative/RHit4Woa9EpvwBt8WHyPfn/kitchen-mixed-v0_babeabefdf75435887decb70a0fdf1f0.mp4,78986,79086,babeabefdf75435887decb70a0fdf1f0,46102,46202,{'1': {'0': 2}},comparative,,1,admin
150,bacf754872914697bc9e0accfd9d5b91,RHit4Woa9EpvwBt8WHyPfn,2024-09-02 19:13:33,1,0,@/assets/video/RHit4Woa9EpvwBt8WHyPfn_kitchen-mixed-v0_offline_comparative/RHit4Woa9EpvwBt8WHyPfn/kitchen-mixed-v0_bacf754872914697bc9e0accfd9d5b91.mp4,27182,27282,bacf754872914697bc9e0accfd9d5b91,93060,93160,{'1': {'0': 0}},comparative,,1,admin
151,baf5e00452e54adda6442652dd9d504b,RHit4Woa9EpvwBt8WHyPfn,2024-09-02 19:13:46,1,0,@/assets/video/RHit4Woa9EpvwBt8WHyPfn_kitchen-mixed-v0_offline_comparative/RHit4Woa9EpvwBt8WHyPfn/kitchen-mixed-v0_baf5e00452e54adda6442652dd9d504b.mp4,37830,37930,baf5e00452e54adda6442652dd9d504b,97956,98056,{'1': {'0': 1}},comparative,,1,admin
152,bb513519b0ea49b1ae3de40d04f7bde5,RHit4Woa9EpvwBt8WHyPfn,2024-09-02 19:13:59,1,0,@/assets/video/RHit4Woa9EpvwBt8WHyPfn_kitchen-mixed-v0_offline_comparative/RHit4Woa9EpvwBt8WHyPfn/kitchen-mixed-v0_bb513519b0ea49b1ae3de40d04f7bde5.mp4,50421,50521,bb513519b0ea49b1ae3de40d04f7bde5,13074,13174,{'1': {'0': 1}},comparative,,1,admin
153,bbc21b800d8348fc86b8139438af47ab,RHit4Woa9EpvwBt8WHyPfn,2024-09-02 19:14:08,1,0,@/assets/video/RHit4Woa9EpvwBt8WHyPfn_kitchen-mixed-v0_offline_comparative/RHit4Woa9EpvwBt8WHyPfn/kitchen-mixed-v0_bbc21b800d8348fc86b8139438af47ab.mp4,68880,68980,bbc21b800d8348fc86b8139438af47ab,91441,91541,{'1': {'0': 2}},comparative,,1,admin
154,bc766d5889d342d298ef8c0faa88e3a2,RHit4Woa9EpvwBt8WHyPfn,2024-09-02 19:14:21,1,0,@/assets/video/RHit4Woa9EpvwBt8WHyPfn_kitchen-mixed-v0_offline_comparative/RHit4Woa9EpvwBt8WHyPfn/kitchen-mixed-v0_bc766d5889d342d298ef8c0faa88e3a2.mp4,100548,100648,bc766d5889d342d298ef8c0faa88e3a2,73783,73883,{'1': {'0': 0}},comparative,,1,admin
155,bd2d00d8f0b74702be76f31d50c71f02,RHit4Woa9EpvwBt8WHyPfn,2024-09-02 19:15:59,1,0,@/assets/video/RHit4Woa9EpvwBt8WHyPfn_kitchen-mixed-v0_offline_comparative/RHit4Woa9EpvwBt8WHyPfn/kitchen-mixed-v0_bd2d00d8f0b74702be76f31d50c71f02.mp4,57,157,bd2d00d8f0b74702be76f31d50c71f02,31612,31712,{'1': {'0': 2}},comparative,,1,admin
156,be7212f4877c434b9f4370b720e78741,RHit4Woa9EpvwBt8WHyPfn,2024-09-02 19:16:08,1,0,@/assets/video/RHit4Woa9EpvwBt8WHyPfn_kitchen-mixed-v0_offline_comparative/RHit4Woa9EpvwBt8WHyPfn/kitchen-mixed-v0_be7212f4877c434b9f4370b720e78741.mp4,51307,51407,be7212f4877c434b9f4370b720e78741,78973,79073,{'1': {'0': 0}},comparative,,1,admin
157,c0d044f5f0d74a2f9b64053659480328,RHit4Woa9EpvwBt8WHyPfn,2024-09-02 19:16:40,1,0,@/assets/video/RHit4Woa9EpvwBt8WHyPfn_kitchen-mixed-v0_offline_comparative/RHit4Woa9EpvwBt8WHyPfn/kitchen-mixed-v0_c0d044f5f0d74a2f9b64053659480328.mp4,77514,77614,c0d044f5f0d74a2f9b64053659480328,44243,44343,{'1': {'0': 2}},comparative,,1,admin
158,c0fac6cee182451e94c6e6b71f041fb7,RHit4Woa9EpvwBt8WHyPfn,2024-09-02 19:16:56,1,0,@/assets/video/RHit4Woa9EpvwBt8WHyPfn_kitchen-mixed-v0_offline_comparative/RHit4Woa9EpvwBt8WHyPfn/kitchen-mixed-v0_c0fac6cee182451e94c6e6b71f041fb7.mp4,18240,18340,c0fac6cee182451e94c6e6b71f041fb7,61887,61987,{'1': {'0': 2}},comparative,,1,admin
159,c20f3e9679ec4cd89b23e3c853925afb,RHit4Woa9EpvwBt8WHyPfn,2024-09-02 19:17:10,1,0,@/assets/video/RHit4Woa9EpvwBt8WHyPfn_kitchen-mixed-v0_offline_comparative/RHit4Woa9EpvwBt8WHyPfn/kitchen-mixed-v0_c20f3e9679ec4cd89b23e3c853925afb.mp4,56895,56995,c20f3e9679ec4cd89b23e3c853925afb,134496,134596,{'1': {'0': 1}},comparative,,1,admin
160,c441414e895f42e5a307f7a4aa444cef,RHit4Woa9EpvwBt8WHyPfn,2024-09-02 19:17:21,1,0,@/assets/video/RHit4Woa9EpvwBt8WHyPfn_kitchen-mixed-v0_offline_comparative/RHit4Woa9EpvwBt8WHyPfn/kitchen-mixed-v0_c441414e895f42e5a307f7a4aa444cef.mp4,94059,94159,c441414e895f42e5a307f7a4aa444cef,65755,65855,{'1': {'0': 2}},comparative,,1,admin
161,c5d37931a7234eeeb07bfc87beb8e8b0,RHit4Woa9EpvwBt8WHyPfn,2024-09-02 19:17:31,1,0,@/assets/video/RHit4Woa9EpvwBt8WHyPfn_kitchen-mixed-v0_offline_comparative/RHit4Woa9EpvwBt8WHyPfn/kitchen-mixed-v0_c5d37931a7234eeeb07bfc87beb8e8b0.mp4,63879,63979,c5d37931a7234eeeb07bfc87beb8e8b0,67878,67978,{'1': {'0': 2}},comparative,,1,admin
162,c79523d3ea01499fabc7769ff48831bb,RHit4Woa9EpvwBt8WHyPfn,2024-09-02 19:17:46,1,0,@/assets/video/RHit4Woa9EpvwBt8WHyPfn_kitchen-mixed-v0_offline_comparative/RHit4Woa9EpvwBt8WHyPfn/kitchen-mixed-v0_c79523d3ea01499fabc7769ff48831bb.mp4,133098,133198,c79523d3ea01499fabc7769ff48831bb,28937,29037,{'1': {'0': 1}},comparative,,1,admin
163,c93c97b6ddea4a439fea24e6f9d12f59,RHit4Woa9EpvwBt8WHyPfn,2024-09-02 19:18:44,1,0,@/assets/video/RHit4Woa9EpvwBt8WHyPfn_kitchen-mixed-v0_offline_comparative/RHit4Woa9EpvwBt8WHyPfn/kitchen-mixed-v0_c93c97b6ddea4a439fea24e6f9d12f59.mp4,76026,76126,c93c97b6ddea4a439fea24e6f9d12f59,38880,38980,{'1': {'0': 0}},comparative,,1,admin
164,c9905d3e3df341edb40d39459cba8162,RHit4Woa9EpvwBt8WHyPfn,2024-09-02 19:18:53,1,0,@/assets/video/RHit4Woa9EpvwBt8WHyPfn_kitchen-mixed-v0_offline_comparative/RHit4Woa9EpvwBt8WHyPfn/kitchen-mixed-v0_c9905d3e3df341edb40d39459cba8162.mp4,1488,1588,c9905d3e3df341edb40d39459cba8162,28884,28984,{'1': {'0': 2}},comparative,,1,admin
165,ca9a2878bab240a7a364742f0cc49d97,RHit4Woa9EpvwBt8WHyPfn,2024-09-02 19:19:02,1,0,@/assets/video/RHit4Woa9EpvwBt8WHyPfn_kitchen-mixed-v0_offline_comparative/RHit4Woa9EpvwBt8WHyPfn/kitchen-mixed-v0_ca9a2878bab240a7a364742f0cc49d97.mp4,94944,95044,ca9a2878bab240a7a364742f0cc49d97,71885,71985,{'1': {'0': 0}},comparative,,1,admin
166,cbeafde6996c41ee8fb724edc1be58b7,RHit4Woa9EpvwBt8WHyPfn,2024-09-02 19:19:12,1,0,@/assets/video/RHit4Woa9EpvwBt8WHyPfn_kitchen-mixed-v0_offline_comparative/RHit4Woa9EpvwBt8WHyPfn/kitchen-mixed-v0_cbeafde6996c41ee8fb724edc1be58b7.mp4,117956,118056,cbeafde6996c41ee8fb724edc1be58b7,127398,127498,{'1': {'0': 2}},comparative,,1,admin
167,cc3e2de5168a4456bb69027a325ba253,RHit4Woa9EpvwBt8WHyPfn,2024-09-02 19:19:23,1,0,@/assets/video/RHit4Woa9EpvwBt8WHyPfn_kitchen-mixed-v0_offline_comparative/RHit4Woa9EpvwBt8WHyPfn/kitchen-mixed-v0_cc3e2de5168a4456bb69027a325ba253.mp4,90465,90565,cc3e2de5168a4456bb69027a325ba253,79574,79674,{'1': {'0': 1}},comparative,,1,admin
168,cd39e3bc4e9a462d91707aad939ce95a,RHit4Woa9EpvwBt8WHyPfn,2024-09-02 19:19:32,1,0,@/assets/video/RHit4Woa9EpvwBt8WHyPfn_kitchen-mixed-v0_offline_comparative/RHit4Woa9EpvwBt8WHyPfn/kitchen-mixed-v0_cd39e3bc4e9a462d91707aad939ce95a.mp4,70345,70445,cd39e3bc4e9a462d91707aad939ce95a,33682,33782,{'1': {'0': 2}},comparative,,1,admin
169,ce08e985ac584eada66e16b6d5aa0710,RHit4Woa9EpvwBt8WHyPfn,2024-09-02 19:20:00,1,0,@/assets/video/RHit4Woa9EpvwBt8WHyPfn_kitchen-mixed-v0_offline_comparative/RHit4Woa9EpvwBt8WHyPfn/kitchen-mixed-v0_ce08e985ac584eada66e16b6d5aa0710.mp4,72639,72739,ce08e985ac584eada66e16b6d5aa0710,133674,133774,{'1': {'0': 1}},comparative,,1,admin
170,d0dc2582706a47b78ff7ae43fb8998d6,RHit4Woa9EpvwBt8WHyPfn,2024-09-02 19:20:12,1,0,@/assets/video/RHit4Woa9EpvwBt8WHyPfn_kitchen-mixed-v0_offline_comparative/RHit4Woa9EpvwBt8WHyPfn/kitchen-mixed-v0_d0dc2582706a47b78ff7ae43fb8998d6.mp4,3982,4082,d0dc2582706a47b78ff7ae43fb8998d6,3118,3218,{'1': {'0': 1}},comparative,,1,admin
171,d3f6cdcdcbd149c08cd4a1f710ec9866,RHit4Woa9EpvwBt8WHyPfn,2024-09-02 19:20:32,1,0,@/assets/video/RHit4Woa9EpvwBt8WHyPfn_kitchen-mixed-v0_offline_comparative/RHit4Woa9EpvwBt8WHyPfn/kitchen-mixed-v0_d3f6cdcdcbd149c08cd4a1f710ec9866.mp4,14898,14998,d3f6cdcdcbd149c08cd4a1f710ec9866,34824,34924,{'1': {'0': 0}},comparative,,1,admin
172,d59d2496d5514a50bb1d739c37170157,RHit4Woa9EpvwBt8WHyPfn,2024-09-02 19:20:51,2,0,@/assets/video/RHit4Woa9EpvwBt8WHyPfn_kitchen-mixed-v0_offline_comparative/RHit4Woa9EpvwBt8WHyPfn/kitchen-mixed-v0_d59d2496d5514a50bb1d739c37170157.mp4,74341,74441,d59d2496d5514a50bb1d739c37170157,92050,92150,{'1': {'0': 1}},comparative,,1,admin
173,d6016e1d4ce947789bb54912e65cde03,RHit4Woa9EpvwBt8WHyPfn,2024-09-02 19:22:01,1,0,@/assets/video/RHit4Woa9EpvwBt8WHyPfn_kitchen-mixed-v0_offline_comparative/RHit4Woa9EpvwBt8WHyPfn/kitchen-mixed-v0_d6016e1d4ce947789bb54912e65cde03.mp4,119748,119848,d6016e1d4ce947789bb54912e65cde03,93405,93505,{'1': {'0': 2}},comparative,,1,admin
174,d74b4ae3197d4225b41520480376d302,RHit4Woa9EpvwBt8WHyPfn,2024-09-02 19:22:19,1,0,@/assets/video/RHit4Woa9EpvwBt8WHyPfn_kitchen-mixed-v0_offline_comparative/RHit4Woa9EpvwBt8WHyPfn/kitchen-mixed-v0_d74b4ae3197d4225b41520480376d302.mp4,41182,41282,d74b4ae3197d4225b41520480376d302,103288,103388,{'1': {'0': 2}},comparative,,1,admin
175,da8c683af50344bbbbcbc83b16ce9f56,RHit4Woa9EpvwBt8WHyPfn,2024-09-02 19:22:28,1,0,@/assets/video/RHit4Woa9EpvwBt8WHyPfn_kitchen-mixed-v0_offline_comparative/RHit4Woa9EpvwBt8WHyPfn/kitchen-mixed-v0_da8c683af50344bbbbcbc83b16ce9f56.mp4,116183,116283,da8c683af50344bbbbcbc83b16ce9f56,83576,83676,{'1': {'0': 1}},comparative,,1,admin
176,dadc71b9f10e4fe8b9971d9b950ba21a,RHit4Woa9EpvwBt8WHyPfn,2024-09-02 19:22:39,1,0,@/assets/video/RHit4Woa9EpvwBt8WHyPfn_kitchen-mixed-v0_offline_comparative/RHit4Woa9EpvwBt8WHyPfn/kitchen-mixed-v0_dadc71b9f10e4fe8b9971d9b950ba21a.mp4,40859,40959,dadc71b9f10e4fe8b9971d9b950ba21a,120050,120150,{'1': {'0': 0}},comparative,,1,admin
177,dbef4d67ea844abeb63dbdc5a7686a39,RHit4Woa9EpvwBt8WHyPfn,2024-09-02 19:22:49,1,0,@/assets/video/RHit4Woa9EpvwBt8WHyPfn_kitchen-mixed-v0_offline_comparative/RHit4Woa9EpvwBt8WHyPfn/kitchen-mixed-v0_dbef4d67ea844abeb63dbdc5a7686a39.mp4,65251,65351,dbef4d67ea844abeb63dbdc5a7686a39,70559,70659,{'1': {'0': 0}},comparative,,1,admin
178,dc0a173527184bcba89c2740a830d015,RHit4Woa9EpvwBt8WHyPfn,2024-09-02 19:23:01,1,0,@/assets/video/RHit4Woa9EpvwBt8WHyPfn_kitchen-mixed-v0_offline_comparative/RHit4Woa9EpvwBt8WHyPfn/kitchen-mixed-v0_dc0a173527184bcba89c2740a830d015.mp4,66466,66566,dc0a173527184bcba89c2740a830d015,6401,6501,{'1': {'0': 0}},comparative,,1,admin
179,dd3bcf1e1d434a4c9002db153102e771,RHit4Woa9EpvwBt8WHyPfn,2024-09-02 19:23:10,1,0,@/assets/video/RHit4Woa9EpvwBt8WHyPfn_kitchen-mixed-v0_offline_comparative/RHit4Woa9EpvwBt8WHyPfn/kitchen-mixed-v0_dd3bcf1e1d434a4c9002db153102e771.mp4,13130,13230,dd3bcf1e1d434a4c9002db153102e771,37606,37706,{'1': {'0': 2}},comparative,,1,admin
180,e05efb118c0e445eb5c20a8e7e059bca,RHit4Woa9EpvwBt8WHyPfn,2024-09-02 19:23:19,1,0,@/assets/video/RHit4Woa9EpvwBt8WHyPfn_kitchen-mixed-v0_offline_comparative/RHit4Woa9EpvwBt8WHyPfn/kitchen-mixed-v0_e05efb118c0e445eb5c20a8e7e059bca.mp4,116304,116404,e05efb118c0e445eb5c20a8e7e059bca,18223,18323,{'1': {'0': 2}},comparative,,1,admin
181,e07d271ae92a40f1972b86c09a516d28,RHit4Woa9EpvwBt8WHyPfn,2024-09-02 19:23:45,1,0,@/assets/video/RHit4Woa9EpvwBt8WHyPfn_kitchen-mixed-v0_offline_comparative/RHit4Woa9EpvwBt8WHyPfn/kitchen-mixed-v0_e07d271ae92a40f1972b86c09a516d28.mp4,130651,130751,e07d271ae92a40f1972b86c09a516d28,4724,4824,{'1': {'0': 0}},comparative,,1,admin
182,e60ab94755b34c2bb34db41aef2315c9,RHit4Woa9EpvwBt8WHyPfn,2024-09-02 19:24:12,1,0,@/assets/video/RHit4Woa9EpvwBt8WHyPfn_kitchen-mixed-v0_offline_comparative/RHit4Woa9EpvwBt8WHyPfn/kitchen-mixed-v0_e60ab94755b34c2bb34db41aef2315c9.mp4,71807,71907,e60ab94755b34c2bb34db41aef2315c9,42760,42860,{'1': {'0': 1}},comparative,,1,admin
183,e8d472901fcb44878c87e9e87cfe16c9,RHit4Woa9EpvwBt8WHyPfn,2024-09-02 19:24:19,1,0,@/assets/video/RHit4Woa9EpvwBt8WHyPfn_kitchen-mixed-v0_offline_comparative/RHit4Woa9EpvwBt8WHyPfn/kitchen-mixed-v0_e8d472901fcb44878c87e9e87cfe16c9.mp4,70373,70473,e8d472901fcb44878c87e9e87cfe16c9,71012,71112,{'1': {'0': 1}},comparative,,1,admin
184,eb08102eebba4a76a8af24f75e440c7c,RHit4Woa9EpvwBt8WHyPfn,2024-09-02 19:24:40,1,0,@/assets/video/RHit4Woa9EpvwBt8WHyPfn_kitchen-mixed-v0_offline_comparative/RHit4Woa9EpvwBt8WHyPfn/kitchen-mixed-v0_eb08102eebba4a76a8af24f75e440c7c.mp4,129204,129304,eb08102eebba4a76a8af24f75e440c7c,91595,91695,{'1': {'0': 0}},comparative,,1,admin
185,eb0b2d5149ab4dffb3f35b6314dfef13,RHit4Woa9EpvwBt8WHyPfn,2024-09-02 19:24:51,1,0,@/assets/video/RHit4Woa9EpvwBt8WHyPfn_kitchen-mixed-v0_offline_comparative/RHit4Woa9EpvwBt8WHyPfn/kitchen-mixed-v0_eb0b2d5149ab4dffb3f35b6314dfef13.mp4,45577,45677,eb0b2d5149ab4dffb3f35b6314dfef13,70739,70839,{'1': {'0': 0}},comparative,,1,admin
186,ee7967f12d5341e18288c03fc002bb3c,RHit4Woa9EpvwBt8WHyPfn,2024-09-02 19:25:01,1,0,@/assets/video/RHit4Woa9EpvwBt8WHyPfn_kitchen-mixed-v0_offline_comparative/RHit4Woa9EpvwBt8WHyPfn/kitchen-mixed-v0_ee7967f12d5341e18288c03fc002bb3c.mp4,91870,91970,ee7967f12d5341e18288c03fc002bb3c,35641,35741,{'1': {'0': 1}},comparative,,1,admin
187,efe97ed2d5e8401f835129d768944210,RHit4Woa9EpvwBt8WHyPfn,2024-09-02 19:25:27,1,0,@/assets/video/RHit4Woa9EpvwBt8WHyPfn_kitchen-mixed-v0_offline_comparative/RHit4Woa9EpvwBt8WHyPfn/kitchen-mixed-v0_efe97ed2d5e8401f835129d768944210.mp4,27163,27263,efe97ed2d5e8401f835129d768944210,126090,126190,{'1': {'0': 2}},comparative,,1,admin
188,f124052ab83e4099a2efec06470e0829,RHit4Woa9EpvwBt8WHyPfn,2024-09-02 19:25:40,1,0,@/assets/video/RHit4Woa9EpvwBt8WHyPfn_kitchen-mixed-v0_offline_comparative/RHit4Woa9EpvwBt8WHyPfn/kitchen-mixed-v0_f124052ab83e4099a2efec06470e0829.mp4,110895,110995,f124052ab83e4099a2efec06470e0829,54459,54559,{'1': {'0': 1}},comparative,,1,admin
189,f1efa1dbdabf4dee886a2b8529fcb107,RHit4Woa9EpvwBt8WHyPfn,2024-09-02 19:25:55,1,0,@/assets/video/RHit4Woa9EpvwBt8WHyPfn_kitchen-mixed-v0_offline_comparative/RHit4Woa9EpvwBt8WHyPfn/kitchen-mixed-v0_f1efa1dbdabf4dee886a2b8529fcb107.mp4,75577,75677,f1efa1dbdabf4dee886a2b8529fcb107,59137,59237,{'1': {'0': 0}},comparative,,1,admin
190,f5ca180b4ec6485badfc6e2ef0dba131,RHit4Woa9EpvwBt8WHyPfn,2024-09-02 19:26:07,1,0,@/assets/video/RHit4Woa9EpvwBt8WHyPfn_kitchen-mixed-v0_offline_comparative/RHit4Woa9EpvwBt8WHyPfn/kitchen-mixed-v0_f5ca180b4ec6485badfc6e2ef0dba131.mp4,79913,80013,f5ca180b4ec6485badfc6e2ef0dba131,4452,4552,{'1': {'0': 2}},comparative,,1,admin
191,f821e86b3f3d4b45bd801dbdde2eb043,RHit4Woa9EpvwBt8WHyPfn,2024-09-02 19:26:18,1,0,@/assets/video/RHit4Woa9EpvwBt8WHyPfn_kitchen-mixed-v0_offline_comparative/RHit4Woa9EpvwBt8WHyPfn/kitchen-mixed-v0_f821e86b3f3d4b45bd801dbdde2eb043.mp4,52241,52341,f821e86b3f3d4b45bd801dbdde2eb043,3324,3424,{'1': {'0': 1}},comparative,,1,admin
192,f8ea2adc3aa7461f9946de78ad82d9c0,RHit4Woa9EpvwBt8WHyPfn,2024-09-02 19:26:37,1,0,@/assets/video/RHit4Woa9EpvwBt8WHyPfn_kitchen-mixed-v0_offline_comparative/RHit4Woa9EpvwBt8WHyPfn/kitchen-mixed-v0_f8ea2adc3aa7461f9946de78ad82d9c0.mp4,89076,89176,f8ea2adc3aa7461f9946de78ad82d9c0,10413,10513,{'1': {'0': 2}},comparative,,1,admin
193,f9ef4a1c2dd74a0893cf1d87927f7c61,RHit4Woa9EpvwBt8WHyPfn,2024-09-02 19:26:51,1,0,@/assets/video/RHit4Woa9EpvwBt8WHyPfn_kitchen-mixed-v0_offline_comparative/RHit4Woa9EpvwBt8WHyPfn/kitchen-mixed-v0_f9ef4a1c2dd74a0893cf1d87927f7c61.mp4,87538,87638,f9ef4a1c2dd74a0893cf1d87927f7c61,86572,86672,{'1': {'0': 1}},comparative,,1,admin
194,fcbfbe7ed16848e5bf90fdf4d30dbfe9,RHit4Woa9EpvwBt8WHyPfn,2024-09-02 19:26:58,1,0,@/assets/video/RHit4Woa9EpvwBt8WHyPfn_kitchen-mixed-v0_offline_comparative/RHit4Woa9EpvwBt8WHyPfn/kitchen-mixed-v0_fcbfbe7ed16848e5bf90fdf4d30dbfe9.mp4,57123,57223,fcbfbe7ed16848e5bf90fdf4d30dbfe9,60026,60126,{'1': {'0': 1}},comparative,,1,admin
195,fcdb6012c5df49bd98448a9046f3d1d8,RHit4Woa9EpvwBt8WHyPfn,2024-09-02 19:27:07,1,0,@/assets/video/RHit4Woa9EpvwBt8WHyPfn_kitchen-mixed-v0_offline_comparative/RHit4Woa9EpvwBt8WHyPfn/kitchen-mixed-v0_fcdb6012c5df49bd98448a9046f3d1d8.mp4,51609,51709,fcdb6012c5df49bd98448a9046f3d1d8,85069,85169,{'1': {'0': 2}},comparative,,1,admin
196,fe76198eb44140e7828ad7321266a6f5,RHit4Woa9EpvwBt8WHyPfn,2024-09-02 19:27:19,1,0,@/assets/video/RHit4Woa9EpvwBt8WHyPfn_kitchen-mixed-v0_offline_comparative/RHit4Woa9EpvwBt8WHyPfn/kitchen-mixed-v0_fe76198eb44140e7828ad7321266a6f5.mp4,78874,78974,fe76198eb44140e7828ad7321266a6f5,79665,79765,{'1': {'0': 0}},comparative,,1,admin
197,fef61f4aece2468aa3a0fe1ea6861d92,RHit4Woa9EpvwBt8WHyPfn,2024-09-02 19:27:36,1,0,@/assets/video/RHit4Woa9EpvwBt8WHyPfn_kitchen-mixed-v0_offline_comparative/RHit4Woa9EpvwBt8WHyPfn/kitchen-mixed-v0_fef61f4aece2468aa3a0fe1ea6861d92.mp4,317,417,fef61f4aece2468aa3a0fe1ea6861d92,66194,66294,{'1': {'0': 2}},comparative,,1,admin
198,ff3749bb4fbc4130a3be299cb9540eeb,RHit4Woa9EpvwBt8WHyPfn,2024-09-02 19:27:48,1,0,@/assets/video/RHit4Woa9EpvwBt8WHyPfn_kitchen-mixed-v0_offline_comparative/RHit4Woa9EpvwBt8WHyPfn/kitchen-mixed-v0_ff3749bb4fbc4130a3be299cb9540eeb.mp4,60966,61066,ff3749bb4fbc4130a3be299cb9540eeb,35982,36082,{'1': {'0': 0}},comparative,,1,admin
199,ff4a51fa6c6846aca4115f2fc9ce1dde,RHit4Woa9EpvwBt8WHyPfn,2024-09-02 19:28:07,1,0,@/assets/video/RHit4Woa9EpvwBt8WHyPfn_kitchen-mixed-v0_offline_comparative/RHit4Woa9EpvwBt8WHyPfn/kitchen-mixed-v0_ff4a51fa6c6846aca4115f2fc9ce1dde.mp4,61678,61778,ff4a51fa6c6846aca4115f2fc9ce1dde,111609,111709,{'1': {'0': 1}},comparative,,1,admin
200,ffff44c29a324fb3a1129000c22a671f,RHit4Woa9EpvwBt8WHyPfn,2024-09-02 19:28:24,1,0,@/assets/video/RHit4Woa9EpvwBt8WHyPfn_kitchen-mixed-v0_offline_comparative/RHit4Woa9EpvwBt8WHyPfn/kitchen-mixed-v0_ffff44c29a324fb3a1129000c22a671f.mp4,91890,91990,ffff44c29a324fb3a1129000c22a671f,9531,9631,{'1': {'0': 2}},comparative,,1,admin
