id,query_id,project_id,completion_time,marked_num,skip_num,video_url,start_indices,query_id,end_indices,feedback_type,extra,label,annotator_id,annotator_name
1,01b55b7cbf9341dc8d96b65b3ae6fbc2,SUgNnTDt3j5Rf5GqLoVgnq,2024-09-02 14:07:09,1,0,@/assets/video/SUgNnTDt3j5Rf5GqLoVgnq_kitchen-complete-v0_offline_evaluative/SUgNnTDt3j5Rf5GqLoVgnq/kitchen-complete-v0_01b55b7cbf9341dc8d96b65b3ae6fbc2.mp4,2504,01b55b7cbf9341dc8d96b65b3ae6fbc2,2604,evaluative,,{'1': {'0': 2}},1,admin
2,01e72b7fb4fe4a6ab1a38502e9b7dce9,SUgNnTDt3j5Rf5GqLoVgnq,2024-09-02 14:07:15,1,0,@/assets/video/SUgNnTDt3j5Rf5GqLoVgnq_kitchen-complete-v0_offline_evaluative/SUgNnTDt3j5Rf5GqLoVgnq/kitchen-complete-v0_01e72b7fb4fe4a6ab1a38502e9b7dce9.mp4,2320,01e72b7fb4fe4a6ab1a38502e9b7dce9,2420,evaluative,,{'1': {'0': 2}},1,admin
3,02b51685cc8b4c37a5f45bd320a0c1e3,SUgNnTDt3j5Rf5GqLoVgnq,2024-09-02 14:07:20,1,0,@/assets/video/SUgNnTDt3j5Rf5GqLoVgnq_kitchen-complete-v0_offline_evaluative/SUgNnTDt3j5Rf5GqLoVgnq/kitchen-complete-v0_02b51685cc8b4c37a5f45bd320a0c1e3.mp4,3089,02b51685cc8b4c37a5f45bd320a0c1e3,3189,evaluative,,{'1': {'0': 2}},1,admin
4,057c85bf2ae348b389fe3a81093ea567,SUgNnTDt3j5Rf5GqLoVgnq,2024-09-02 14:07:28,1,0,@/assets/video/SUgNnTDt3j5Rf5GqLoVgnq_kitchen-complete-v0_offline_evaluative/SUgNnTDt3j5Rf5GqLoVgnq/kitchen-complete-v0_057c85bf2ae348b389fe3a81093ea567.mp4,832,057c85bf2ae348b389fe3a81093ea567,932,evaluative,,{'1': {'0': 3}},1,admin
5,05c2691c61494f90b30bd40cfd94219e,SUgNnTDt3j5Rf5GqLoVgnq,2024-09-02 14:07:35,1,0,@/assets/video/SUgNnTDt3j5Rf5GqLoVgnq_kitchen-complete-v0_offline_evaluative/SUgNnTDt3j5Rf5GqLoVgnq/kitchen-complete-v0_05c2691c61494f90b30bd40cfd94219e.mp4,2574,05c2691c61494f90b30bd40cfd94219e,2674,evaluative,,{'1': {'0': 3}},1,admin
6,06c93c38508740cabcf1f4b61c03ef27,SUgNnTDt3j5Rf5GqLoVgnq,2024-09-02 14:07:41,1,0,@/assets/video/SUgNnTDt3j5Rf5GqLoVgnq_kitchen-complete-v0_offline_evaluative/SUgNnTDt3j5Rf5GqLoVgnq/kitchen-complete-v0_06c93c38508740cabcf1f4b61c03ef27.mp4,626,06c93c38508740cabcf1f4b61c03ef27,726,evaluative,,{'1': {'0': 3}},1,admin
7,081a7f48139549e69ce78bdda7b28da0,SUgNnTDt3j5Rf5GqLoVgnq,2024-09-02 14:07:47,1,0,@/assets/video/SUgNnTDt3j5Rf5GqLoVgnq_kitchen-complete-v0_offline_evaluative/SUgNnTDt3j5Rf5GqLoVgnq/kitchen-complete-v0_081a7f48139549e69ce78bdda7b28da0.mp4,1953,081a7f48139549e69ce78bdda7b28da0,2053,evaluative,,{'1': {'0': 3}},1,admin
8,0823660dc62a498face9328b3ab1add5,SUgNnTDt3j5Rf5GqLoVgnq,2024-09-02 14:09:24,1,0,@/assets/video/SUgNnTDt3j5Rf5GqLoVgnq_kitchen-complete-v0_offline_evaluative/SUgNnTDt3j5Rf5GqLoVgnq/kitchen-complete-v0_0823660dc62a498face9328b3ab1add5.mp4,3139,0823660dc62a498face9328b3ab1add5,3239,evaluative,,{'1': {'0': 2}},1,admin
9,098e0cf0265d49138d7c89325620202d,SUgNnTDt3j5Rf5GqLoVgnq,2024-09-02 14:09:30,1,0,@/assets/video/SUgNnTDt3j5Rf5GqLoVgnq_kitchen-complete-v0_offline_evaluative/SUgNnTDt3j5Rf5GqLoVgnq/kitchen-complete-v0_098e0cf0265d49138d7c89325620202d.mp4,2748,098e0cf0265d49138d7c89325620202d,2848,evaluative,,{'1': {'0': 3}},1,admin
10,0aa0db1d6f7e40b7a291cb62bf9ab51e,SUgNnTDt3j5Rf5GqLoVgnq,2024-09-02 14:09:37,1,0,@/assets/video/SUgNnTDt3j5Rf5GqLoVgnq_kitchen-complete-v0_offline_evaluative/SUgNnTDt3j5Rf5GqLoVgnq/kitchen-complete-v0_0aa0db1d6f7e40b7a291cb62bf9ab51e.mp4,2145,0aa0db1d6f7e40b7a291cb62bf9ab51e,2245,evaluative,,{'1': {'0': 3}},1,admin
11,0c5883de5b7c462a83b33184f674dba7,SUgNnTDt3j5Rf5GqLoVgnq,2024-09-02 14:09:44,1,0,@/assets/video/SUgNnTDt3j5Rf5GqLoVgnq_kitchen-complete-v0_offline_evaluative/SUgNnTDt3j5Rf5GqLoVgnq/kitchen-complete-v0_0c5883de5b7c462a83b33184f674dba7.mp4,405,0c5883de5b7c462a83b33184f674dba7,505,evaluative,,{'1': {'0': 3}},1,admin
12,0ee6c0c95fd0455e8efdbdb633f6889f,SUgNnTDt3j5Rf5GqLoVgnq,2024-09-02 14:09:51,1,0,@/assets/video/SUgNnTDt3j5Rf5GqLoVgnq_kitchen-complete-v0_offline_evaluative/SUgNnTDt3j5Rf5GqLoVgnq/kitchen-complete-v0_0ee6c0c95fd0455e8efdbdb633f6889f.mp4,2934,0ee6c0c95fd0455e8efdbdb633f6889f,3034,evaluative,,{'1': {'0': 2}},1,admin
13,0f26e28fe95341d49ec27b7687118789,SUgNnTDt3j5Rf5GqLoVgnq,2024-09-02 14:09:57,1,0,@/assets/video/SUgNnTDt3j5Rf5GqLoVgnq_kitchen-complete-v0_offline_evaluative/SUgNnTDt3j5Rf5GqLoVgnq/kitchen-complete-v0_0f26e28fe95341d49ec27b7687118789.mp4,1958,0f26e28fe95341d49ec27b7687118789,2058,evaluative,,{'1': {'0': 3}},1,admin
14,0fbc3ed634614213a20ef0de29a219d3,SUgNnTDt3j5Rf5GqLoVgnq,2024-09-02 14:10:05,1,0,@/assets/video/SUgNnTDt3j5Rf5GqLoVgnq_kitchen-complete-v0_offline_evaluative/SUgNnTDt3j5Rf5GqLoVgnq/kitchen-complete-v0_0fbc3ed634614213a20ef0de29a219d3.mp4,74,0fbc3ed634614213a20ef0de29a219d3,174,evaluative,,{'1': {'0': 3}},1,admin
15,106ef4ca9c0544c4892f3a421cacebbc,SUgNnTDt3j5Rf5GqLoVgnq,2024-09-02 14:10:16,1,0,@/assets/video/SUgNnTDt3j5Rf5GqLoVgnq_kitchen-complete-v0_offline_evaluative/SUgNnTDt3j5Rf5GqLoVgnq/kitchen-complete-v0_106ef4ca9c0544c4892f3a421cacebbc.mp4,1402,106ef4ca9c0544c4892f3a421cacebbc,1502,evaluative,,{'1': {'0': 2}},1,admin
16,165c9ff8258a4153a8d518a6960cea5c,SUgNnTDt3j5Rf5GqLoVgnq,2024-09-02 14:10:23,1,0,@/assets/video/SUgNnTDt3j5Rf5GqLoVgnq_kitchen-complete-v0_offline_evaluative/SUgNnTDt3j5Rf5GqLoVgnq/kitchen-complete-v0_165c9ff8258a4153a8d518a6960cea5c.mp4,1227,165c9ff8258a4153a8d518a6960cea5c,1327,evaluative,,{'1': {'0': 3}},1,admin
17,193f3b5037ea4fc883adf87de1cfe807,SUgNnTDt3j5Rf5GqLoVgnq,2024-09-02 14:10:33,1,0,@/assets/video/SUgNnTDt3j5Rf5GqLoVgnq_kitchen-complete-v0_offline_evaluative/SUgNnTDt3j5Rf5GqLoVgnq/kitchen-complete-v0_193f3b5037ea4fc883adf87de1cfe807.mp4,2388,193f3b5037ea4fc883adf87de1cfe807,2488,evaluative,,{'1': {'0': 4}},1,admin
18,195725f93199458582ba5013028fd928,SUgNnTDt3j5Rf5GqLoVgnq,2024-09-02 14:10:40,1,0,@/assets/video/SUgNnTDt3j5Rf5GqLoVgnq_kitchen-complete-v0_offline_evaluative/SUgNnTDt3j5Rf5GqLoVgnq/kitchen-complete-v0_195725f93199458582ba5013028fd928.mp4,1229,195725f93199458582ba5013028fd928,1329,evaluative,,{'1': {'0': 4}},1,admin
19,1b3dce7064d743b19dff6169a5ed1e88,SUgNnTDt3j5Rf5GqLoVgnq,2024-09-02 14:10:46,1,0,@/assets/video/SUgNnTDt3j5Rf5GqLoVgnq_kitchen-complete-v0_offline_evaluative/SUgNnTDt3j5Rf5GqLoVgnq/kitchen-complete-v0_1b3dce7064d743b19dff6169a5ed1e88.mp4,1012,1b3dce7064d743b19dff6169a5ed1e88,1112,evaluative,,{'1': {'0': 2}},1,admin
20,1cb0aa74658744078eb314b83bed8649,SUgNnTDt3j5Rf5GqLoVgnq,2024-09-02 14:13:24,1,0,@/assets/video/SUgNnTDt3j5Rf5GqLoVgnq_kitchen-complete-v0_offline_evaluative/SUgNnTDt3j5Rf5GqLoVgnq/kitchen-complete-v0_1cb0aa74658744078eb314b83bed8649.mp4,2757,1cb0aa74658744078eb314b83bed8649,2857,evaluative,,{'1': {'0': 3}},1,admin
21,1cf4295f91064f8c9cc4bf1f0cdd1d86,SUgNnTDt3j5Rf5GqLoVgnq,2024-09-02 14:13:30,1,0,@/assets/video/SUgNnTDt3j5Rf5GqLoVgnq_kitchen-complete-v0_offline_evaluative/SUgNnTDt3j5Rf5GqLoVgnq/kitchen-complete-v0_1cf4295f91064f8c9cc4bf1f0cdd1d86.mp4,3131,1cf4295f91064f8c9cc4bf1f0cdd1d86,3231,evaluative,,{'1': {'0': 2}},1,admin
22,2206057d0b054ff8a0ef5b35bffbcd55,SUgNnTDt3j5Rf5GqLoVgnq,2024-09-02 14:13:42,1,0,@/assets/video/SUgNnTDt3j5Rf5GqLoVgnq_kitchen-complete-v0_offline_evaluative/SUgNnTDt3j5Rf5GqLoVgnq/kitchen-complete-v0_2206057d0b054ff8a0ef5b35bffbcd55.mp4,567,2206057d0b054ff8a0ef5b35bffbcd55,667,evaluative,,{'1': {'0': 2}},1,admin
23,222db141bbd64ca59b3268f2148f41b3,SUgNnTDt3j5Rf5GqLoVgnq,2024-09-02 14:13:46,1,0,@/assets/video/SUgNnTDt3j5Rf5GqLoVgnq_kitchen-complete-v0_offline_evaluative/SUgNnTDt3j5Rf5GqLoVgnq/kitchen-complete-v0_222db141bbd64ca59b3268f2148f41b3.mp4,783,222db141bbd64ca59b3268f2148f41b3,883,evaluative,,{'1': {'0': 2}},1,admin
24,22d4b99c55ab4123a2bd005d0d6ccc23,SUgNnTDt3j5Rf5GqLoVgnq,2024-09-02 14:13:52,1,0,@/assets/video/SUgNnTDt3j5Rf5GqLoVgnq_kitchen-complete-v0_offline_evaluative/SUgNnTDt3j5Rf5GqLoVgnq/kitchen-complete-v0_22d4b99c55ab4123a2bd005d0d6ccc23.mp4,2341,22d4b99c55ab4123a2bd005d0d6ccc23,2441,evaluative,,{'1': {'0': 3}},1,admin
25,238aa421d0284f38896432964523151e,SUgNnTDt3j5Rf5GqLoVgnq,2024-09-02 14:14:00,1,0,@/assets/video/SUgNnTDt3j5Rf5GqLoVgnq_kitchen-complete-v0_offline_evaluative/SUgNnTDt3j5Rf5GqLoVgnq/kitchen-complete-v0_238aa421d0284f38896432964523151e.mp4,1423,238aa421d0284f38896432964523151e,1523,evaluative,,{'1': {'0': 4}},1,admin
26,2453637bd164427a99851ffb83ab7776,SUgNnTDt3j5Rf5GqLoVgnq,2024-09-02 14:14:06,1,0,@/assets/video/SUgNnTDt3j5Rf5GqLoVgnq_kitchen-complete-v0_offline_evaluative/SUgNnTDt3j5Rf5GqLoVgnq/kitchen-complete-v0_2453637bd164427a99851ffb83ab7776.mp4,1183,2453637bd164427a99851ffb83ab7776,1283,evaluative,,{'1': {'0': 3}},1,admin
27,2458205713fc4c2bad3c0364c0e174ce,SUgNnTDt3j5Rf5GqLoVgnq,2024-09-02 14:14:33,1,0,@/assets/video/SUgNnTDt3j5Rf5GqLoVgnq_kitchen-complete-v0_offline_evaluative/SUgNnTDt3j5Rf5GqLoVgnq/kitchen-complete-v0_2458205713fc4c2bad3c0364c0e174ce.mp4,1573,2458205713fc4c2bad3c0364c0e174ce,1673,evaluative,,{'1': {'0': 4}},1,admin
28,280abfe11dc64fc48bad70d8e604117f,SUgNnTDt3j5Rf5GqLoVgnq,2024-09-02 14:14:39,1,0,@/assets/video/SUgNnTDt3j5Rf5GqLoVgnq_kitchen-complete-v0_offline_evaluative/SUgNnTDt3j5Rf5GqLoVgnq/kitchen-complete-v0_280abfe11dc64fc48bad70d8e604117f.mp4,849,280abfe11dc64fc48bad70d8e604117f,949,evaluative,,{'1': {'0': 4}},1,admin
29,285a5025f0f44bbebf6a85b318da6bf6,SUgNnTDt3j5Rf5GqLoVgnq,2024-09-02 14:14:46,1,0,@/assets/video/SUgNnTDt3j5Rf5GqLoVgnq_kitchen-complete-v0_offline_evaluative/SUgNnTDt3j5Rf5GqLoVgnq/kitchen-complete-v0_285a5025f0f44bbebf6a85b318da6bf6.mp4,843,285a5025f0f44bbebf6a85b318da6bf6,943,evaluative,,{'1': {'0': 3}},1,admin
30,2935bc1332364638b1fc9110177920bc,SUgNnTDt3j5Rf5GqLoVgnq,2024-09-02 14:14:53,1,0,@/assets/video/SUgNnTDt3j5Rf5GqLoVgnq_kitchen-complete-v0_offline_evaluative/SUgNnTDt3j5Rf5GqLoVgnq/kitchen-complete-v0_2935bc1332364638b1fc9110177920bc.mp4,1538,2935bc1332364638b1fc9110177920bc,1638,evaluative,,{'1': {'0': 2}},1,admin
31,2b627e05628841a0b82355932eee3171,SUgNnTDt3j5Rf5GqLoVgnq,2024-09-02 14:14:58,1,0,@/assets/video/SUgNnTDt3j5Rf5GqLoVgnq_kitchen-complete-v0_offline_evaluative/SUgNnTDt3j5Rf5GqLoVgnq/kitchen-complete-v0_2b627e05628841a0b82355932eee3171.mp4,1918,2b627e05628841a0b82355932eee3171,2018,evaluative,,{'1': {'0': 2}},1,admin
32,2df9c1f2fc834016a1db1de3815beffa,SUgNnTDt3j5Rf5GqLoVgnq,2024-09-02 14:15:05,1,0,@/assets/video/SUgNnTDt3j5Rf5GqLoVgnq_kitchen-complete-v0_offline_evaluative/SUgNnTDt3j5Rf5GqLoVgnq/kitchen-complete-v0_2df9c1f2fc834016a1db1de3815beffa.mp4,429,2df9c1f2fc834016a1db1de3815beffa,529,evaluative,,{'1': {'0': 2}},1,admin
33,2e3212b9905f4035abbdd4b9ea8f3e81,SUgNnTDt3j5Rf5GqLoVgnq,2024-09-02 14:15:13,1,0,@/assets/video/SUgNnTDt3j5Rf5GqLoVgnq_kitchen-complete-v0_offline_evaluative/SUgNnTDt3j5Rf5GqLoVgnq/kitchen-complete-v0_2e3212b9905f4035abbdd4b9ea8f3e81.mp4,2336,2e3212b9905f4035abbdd4b9ea8f3e81,2436,evaluative,,{'1': {'0': 3}},1,admin
34,30d31387e6e44f9f9f9f63a63eba46f6,SUgNnTDt3j5Rf5GqLoVgnq,2024-09-02 14:15:21,1,0,@/assets/video/SUgNnTDt3j5Rf5GqLoVgnq_kitchen-complete-v0_offline_evaluative/SUgNnTDt3j5Rf5GqLoVgnq/kitchen-complete-v0_30d31387e6e44f9f9f9f63a63eba46f6.mp4,764,30d31387e6e44f9f9f9f63a63eba46f6,864,evaluative,,{'1': {'0': 2}},1,admin
35,311163c0b67b49f0a679d49cf1860114,SUgNnTDt3j5Rf5GqLoVgnq,2024-09-02 14:15:27,1,0,@/assets/video/SUgNnTDt3j5Rf5GqLoVgnq_kitchen-complete-v0_offline_evaluative/SUgNnTDt3j5Rf5GqLoVgnq/kitchen-complete-v0_311163c0b67b49f0a679d49cf1860114.mp4,1809,311163c0b67b49f0a679d49cf1860114,1909,evaluative,,{'1': {'0': 4}},1,admin
36,32877b40bb764502a2c56b601a796a8d,SUgNnTDt3j5Rf5GqLoVgnq,2024-09-02 14:15:33,1,0,@/assets/video/SUgNnTDt3j5Rf5GqLoVgnq_kitchen-complete-v0_offline_evaluative/SUgNnTDt3j5Rf5GqLoVgnq/kitchen-complete-v0_32877b40bb764502a2c56b601a796a8d.mp4,225,32877b40bb764502a2c56b601a796a8d,325,evaluative,,{'1': {'0': 4}},1,admin
37,32fd0e2e1ddf49299d383073880e2a88,SUgNnTDt3j5Rf5GqLoVgnq,2024-09-02 14:15:39,1,0,@/assets/video/SUgNnTDt3j5Rf5GqLoVgnq_kitchen-complete-v0_offline_evaluative/SUgNnTDt3j5Rf5GqLoVgnq/kitchen-complete-v0_32fd0e2e1ddf49299d383073880e2a88.mp4,2162,32fd0e2e1ddf49299d383073880e2a88,2262,evaluative,,{'1': {'0': 3}},1,admin
38,333f6156e2bd4f56a9e46ed4e72fb85a,SUgNnTDt3j5Rf5GqLoVgnq,2024-09-02 14:15:46,1,0,@/assets/video/SUgNnTDt3j5Rf5GqLoVgnq_kitchen-complete-v0_offline_evaluative/SUgNnTDt3j5Rf5GqLoVgnq/kitchen-complete-v0_333f6156e2bd4f56a9e46ed4e72fb85a.mp4,2718,333f6156e2bd4f56a9e46ed4e72fb85a,2818,evaluative,,{'1': {'0': 3}},1,admin
39,346621f0007c4827b8ab9a2d3ce6ff70,SUgNnTDt3j5Rf5GqLoVgnq,2024-09-02 14:16:38,1,0,@/assets/video/SUgNnTDt3j5Rf5GqLoVgnq_kitchen-complete-v0_offline_evaluative/SUgNnTDt3j5Rf5GqLoVgnq/kitchen-complete-v0_346621f0007c4827b8ab9a2d3ce6ff70.mp4,2205,346621f0007c4827b8ab9a2d3ce6ff70,2305,evaluative,,{'1': {'0': 2}},1,admin
40,349c3df51169474f8c7a666065868ef7,SUgNnTDt3j5Rf5GqLoVgnq,2024-09-02 14:16:44,1,0,@/assets/video/SUgNnTDt3j5Rf5GqLoVgnq_kitchen-complete-v0_offline_evaluative/SUgNnTDt3j5Rf5GqLoVgnq/kitchen-complete-v0_349c3df51169474f8c7a666065868ef7.mp4,1805,349c3df51169474f8c7a666065868ef7,1905,evaluative,,{'1': {'0': 4}},1,admin
41,34e3bcebaf914a3baf47e52530ec93c8,SUgNnTDt3j5Rf5GqLoVgnq,2024-09-02 14:16:50,1,0,@/assets/video/SUgNnTDt3j5Rf5GqLoVgnq_kitchen-complete-v0_offline_evaluative/SUgNnTDt3j5Rf5GqLoVgnq/kitchen-complete-v0_34e3bcebaf914a3baf47e52530ec93c8.mp4,775,34e3bcebaf914a3baf47e52530ec93c8,875,evaluative,,{'1': {'0': 2}},1,admin
42,36d5e992b8ca40bf9c70cc0840a5ee0c,SUgNnTDt3j5Rf5GqLoVgnq,2024-09-02 14:16:57,1,0,@/assets/video/SUgNnTDt3j5Rf5GqLoVgnq_kitchen-complete-v0_offline_evaluative/SUgNnTDt3j5Rf5GqLoVgnq/kitchen-complete-v0_36d5e992b8ca40bf9c70cc0840a5ee0c.mp4,9,36d5e992b8ca40bf9c70cc0840a5ee0c,109,evaluative,,{'1': {'0': 2}},1,admin
43,3954715266b34cd8aac7705bb49fa839,SUgNnTDt3j5Rf5GqLoVgnq,2024-09-02 14:17:03,1,0,@/assets/video/SUgNnTDt3j5Rf5GqLoVgnq_kitchen-complete-v0_offline_evaluative/SUgNnTDt3j5Rf5GqLoVgnq/kitchen-complete-v0_3954715266b34cd8aac7705bb49fa839.mp4,2774,3954715266b34cd8aac7705bb49fa839,2874,evaluative,,{'1': {'0': 4}},1,admin
44,3967b4e6293c4cc58a592c9da489c499,SUgNnTDt3j5Rf5GqLoVgnq,2024-09-02 14:17:10,1,0,@/assets/video/SUgNnTDt3j5Rf5GqLoVgnq_kitchen-complete-v0_offline_evaluative/SUgNnTDt3j5Rf5GqLoVgnq/kitchen-complete-v0_3967b4e6293c4cc58a592c9da489c499.mp4,1023,3967b4e6293c4cc58a592c9da489c499,1123,evaluative,,{'1': {'0': 2}},1,admin
45,39ec508d511a466b9594eac1b628eab8,SUgNnTDt3j5Rf5GqLoVgnq,2024-09-02 14:17:16,1,0,@/assets/video/SUgNnTDt3j5Rf5GqLoVgnq_kitchen-complete-v0_offline_evaluative/SUgNnTDt3j5Rf5GqLoVgnq/kitchen-complete-v0_39ec508d511a466b9594eac1b628eab8.mp4,45,39ec508d511a466b9594eac1b628eab8,145,evaluative,,{'1': {'0': 4}},1,admin
46,3b2a380040f9430290ab29f9cba34af7,SUgNnTDt3j5Rf5GqLoVgnq,2024-09-02 14:17:23,1,0,@/assets/video/SUgNnTDt3j5Rf5GqLoVgnq_kitchen-complete-v0_offline_evaluative/SUgNnTDt3j5Rf5GqLoVgnq/kitchen-complete-v0_3b2a380040f9430290ab29f9cba34af7.mp4,3080,3b2a380040f9430290ab29f9cba34af7,3180,evaluative,,{'1': {'0': 2}},1,admin
47,3bade2a482164a4cba5e2cfdc6683d32,SUgNnTDt3j5Rf5GqLoVgnq,2024-09-02 14:17:31,1,0,@/assets/video/SUgNnTDt3j5Rf5GqLoVgnq_kitchen-complete-v0_offline_evaluative/SUgNnTDt3j5Rf5GqLoVgnq/kitchen-complete-v0_3bade2a482164a4cba5e2cfdc6683d32.mp4,1390,3bade2a482164a4cba5e2cfdc6683d32,1490,evaluative,,{'1': {'0': 2}},1,admin
48,3c5253acfa0543b2849f98e739b8615b,SUgNnTDt3j5Rf5GqLoVgnq,2024-09-02 14:17:37,1,0,@/assets/video/SUgNnTDt3j5Rf5GqLoVgnq_kitchen-complete-v0_offline_evaluative/SUgNnTDt3j5Rf5GqLoVgnq/kitchen-complete-v0_3c5253acfa0543b2849f98e739b8615b.mp4,649,3c5253acfa0543b2849f98e739b8615b,749,evaluative,,{'1': {'0': 4}},1,admin
49,3d18fc4f96ec4c8aaf6405a9f7717f2a,SUgNnTDt3j5Rf5GqLoVgnq,2024-09-02 14:17:48,1,0,@/assets/video/SUgNnTDt3j5Rf5GqLoVgnq_kitchen-complete-v0_offline_evaluative/SUgNnTDt3j5Rf5GqLoVgnq/kitchen-complete-v0_3d18fc4f96ec4c8aaf6405a9f7717f2a.mp4,569,3d18fc4f96ec4c8aaf6405a9f7717f2a,669,evaluative,,{'1': {'0': 2}},1,admin
50,3f861d035f204d7887e0921a84e5c618,SUgNnTDt3j5Rf5GqLoVgnq,2024-09-02 14:17:55,1,0,@/assets/video/SUgNnTDt3j5Rf5GqLoVgnq_kitchen-complete-v0_offline_evaluative/SUgNnTDt3j5Rf5GqLoVgnq/kitchen-complete-v0_3f861d035f204d7887e0921a84e5c618.mp4,3345,3f861d035f204d7887e0921a84e5c618,3445,evaluative,,{'1': {'0': 2}},1,admin
51,4127a5d5f2db43caae63cba3c6fe2638,SUgNnTDt3j5Rf5GqLoVgnq,2024-09-02 14:18:02,1,0,@/assets/video/SUgNnTDt3j5Rf5GqLoVgnq_kitchen-complete-v0_offline_evaluative/SUgNnTDt3j5Rf5GqLoVgnq/kitchen-complete-v0_4127a5d5f2db43caae63cba3c6fe2638.mp4,1389,4127a5d5f2db43caae63cba3c6fe2638,1489,evaluative,,{'1': {'0': 2}},1,admin
52,458dc02de009450da5ebd582ca03eb80,SUgNnTDt3j5Rf5GqLoVgnq,2024-09-02 14:18:09,1,0,@/assets/video/SUgNnTDt3j5Rf5GqLoVgnq_kitchen-complete-v0_offline_evaluative/SUgNnTDt3j5Rf5GqLoVgnq/kitchen-complete-v0_458dc02de009450da5ebd582ca03eb80.mp4,218,458dc02de009450da5ebd582ca03eb80,318,evaluative,,{'1': {'0': 3}},1,admin
53,4798841cf34c405db7d28d7eeda071cb,SUgNnTDt3j5Rf5GqLoVgnq,2024-09-02 14:18:15,1,0,@/assets/video/SUgNnTDt3j5Rf5GqLoVgnq_kitchen-complete-v0_offline_evaluative/SUgNnTDt3j5Rf5GqLoVgnq/kitchen-complete-v0_4798841cf34c405db7d28d7eeda071cb.mp4,448,4798841cf34c405db7d28d7eeda071cb,548,evaluative,,{'1': {'0': 3}},1,admin
54,47a5ca916ed64e2897645efd92ebbd3f,SUgNnTDt3j5Rf5GqLoVgnq,2024-09-02 14:18:23,1,0,@/assets/video/SUgNnTDt3j5Rf5GqLoVgnq_kitchen-complete-v0_offline_evaluative/SUgNnTDt3j5Rf5GqLoVgnq/kitchen-complete-v0_47a5ca916ed64e2897645efd92ebbd3f.mp4,1548,47a5ca916ed64e2897645efd92ebbd3f,1648,evaluative,,{'1': {'0': 2}},1,admin
55,480ebc4f495146de9ae0ccb07e891ade,SUgNnTDt3j5Rf5GqLoVgnq,2024-09-02 14:18:30,1,0,@/assets/video/SUgNnTDt3j5Rf5GqLoVgnq_kitchen-complete-v0_offline_evaluative/SUgNnTDt3j5Rf5GqLoVgnq/kitchen-complete-v0_480ebc4f495146de9ae0ccb07e891ade.mp4,1017,480ebc4f495146de9ae0ccb07e891ade,1117,evaluative,,{'1': {'0': 2}},1,admin
56,48bc4c8ce8fa4b14a040154d62559b2d,SUgNnTDt3j5Rf5GqLoVgnq,2024-09-02 14:18:37,1,0,@/assets/video/SUgNnTDt3j5Rf5GqLoVgnq_kitchen-complete-v0_offline_evaluative/SUgNnTDt3j5Rf5GqLoVgnq/kitchen-complete-v0_48bc4c8ce8fa4b14a040154d62559b2d.mp4,2941,48bc4c8ce8fa4b14a040154d62559b2d,3041,evaluative,,{'1': {'0': 2}},1,admin
57,49cb2302659c4adb82abc05866fac5ce,SUgNnTDt3j5Rf5GqLoVgnq,2024-09-02 14:18:43,1,0,@/assets/video/SUgNnTDt3j5Rf5GqLoVgnq_kitchen-complete-v0_offline_evaluative/SUgNnTDt3j5Rf5GqLoVgnq/kitchen-complete-v0_49cb2302659c4adb82abc05866fac5ce.mp4,370,49cb2302659c4adb82abc05866fac5ce,470,evaluative,,{'1': {'0': 2}},1,admin
58,4a744591b935471e80d47abcdbd68807,SUgNnTDt3j5Rf5GqLoVgnq,2024-09-02 14:18:50,1,0,@/assets/video/SUgNnTDt3j5Rf5GqLoVgnq_kitchen-complete-v0_offline_evaluative/SUgNnTDt3j5Rf5GqLoVgnq/kitchen-complete-v0_4a744591b935471e80d47abcdbd68807.mp4,1617,4a744591b935471e80d47abcdbd68807,1717,evaluative,,{'1': {'0': 3}},1,admin
59,4b5d5dd32f604da7b0665995ea848274,SUgNnTDt3j5Rf5GqLoVgnq,2024-09-02 14:18:57,1,0,@/assets/video/SUgNnTDt3j5Rf5GqLoVgnq_kitchen-complete-v0_offline_evaluative/SUgNnTDt3j5Rf5GqLoVgnq/kitchen-complete-v0_4b5d5dd32f604da7b0665995ea848274.mp4,796,4b5d5dd32f604da7b0665995ea848274,896,evaluative,,{'1': {'0': 3}},1,admin
60,4cb0a063b24c4ee7aca61c8989a94463,SUgNnTDt3j5Rf5GqLoVgnq,2024-09-02 14:19:04,1,0,@/assets/video/SUgNnTDt3j5Rf5GqLoVgnq_kitchen-complete-v0_offline_evaluative/SUgNnTDt3j5Rf5GqLoVgnq/kitchen-complete-v0_4cb0a063b24c4ee7aca61c8989a94463.mp4,3107,4cb0a063b24c4ee7aca61c8989a94463,3207,evaluative,,{'1': {'0': 2}},1,admin
61,4cc3300882b14ace875be169e49cdcf2,SUgNnTDt3j5Rf5GqLoVgnq,2024-09-02 14:19:10,1,0,@/assets/video/SUgNnTDt3j5Rf5GqLoVgnq_kitchen-complete-v0_offline_evaluative/SUgNnTDt3j5Rf5GqLoVgnq/kitchen-complete-v0_4cc3300882b14ace875be169e49cdcf2.mp4,3095,4cc3300882b14ace875be169e49cdcf2,3195,evaluative,,{'1': {'0': 2}},1,admin
62,4ceb8d77d4a64b5b893eea589d95728c,SUgNnTDt3j5Rf5GqLoVgnq,2024-09-02 14:19:18,1,0,@/assets/video/SUgNnTDt3j5Rf5GqLoVgnq_kitchen-complete-v0_offline_evaluative/SUgNnTDt3j5Rf5GqLoVgnq/kitchen-complete-v0_4ceb8d77d4a64b5b893eea589d95728c.mp4,1812,4ceb8d77d4a64b5b893eea589d95728c,1912,evaluative,,{'1': {'0': 4}},1,admin
63,4ead00850ea44440ada2e5a9b11b6d7f,SUgNnTDt3j5Rf5GqLoVgnq,2024-09-02 14:19:25,1,0,@/assets/video/SUgNnTDt3j5Rf5GqLoVgnq_kitchen-complete-v0_offline_evaluative/SUgNnTDt3j5Rf5GqLoVgnq/kitchen-complete-v0_4ead00850ea44440ada2e5a9b11b6d7f.mp4,3136,4ead00850ea44440ada2e5a9b11b6d7f,3236,evaluative,,{'1': {'0': 3}},1,admin
64,50c0b57274f14b1a97ab502ebbdd35ef,SUgNnTDt3j5Rf5GqLoVgnq,2024-09-02 14:19:32,1,0,@/assets/video/SUgNnTDt3j5Rf5GqLoVgnq_kitchen-complete-v0_offline_evaluative/SUgNnTDt3j5Rf5GqLoVgnq/kitchen-complete-v0_50c0b57274f14b1a97ab502ebbdd35ef.mp4,75,50c0b57274f14b1a97ab502ebbdd35ef,175,evaluative,,{'1': {'0': 3}},1,admin
65,51f6ea2f0f0846cf87d874f158abbece,SUgNnTDt3j5Rf5GqLoVgnq,2024-09-02 14:20:30,1,0,@/assets/video/SUgNnTDt3j5Rf5GqLoVgnq_kitchen-complete-v0_offline_evaluative/SUgNnTDt3j5Rf5GqLoVgnq/kitchen-complete-v0_51f6ea2f0f0846cf87d874f158abbece.mp4,19,51f6ea2f0f0846cf87d874f158abbece,119,evaluative,,{'1': {'0': 2}},1,admin
66,521bb2b2d79f42e4bcc5b2f9ff56ac04,SUgNnTDt3j5Rf5GqLoVgnq,2024-09-02 14:20:37,1,0,@/assets/video/SUgNnTDt3j5Rf5GqLoVgnq_kitchen-complete-v0_offline_evaluative/SUgNnTDt3j5Rf5GqLoVgnq/kitchen-complete-v0_521bb2b2d79f42e4bcc5b2f9ff56ac04.mp4,636,521bb2b2d79f42e4bcc5b2f9ff56ac04,736,evaluative,,{'1': {'0': 3}},1,admin
67,52514f092f8b4600bff9956099c7eb79,SUgNnTDt3j5Rf5GqLoVgnq,2024-09-02 14:20:45,1,0,@/assets/video/SUgNnTDt3j5Rf5GqLoVgnq_kitchen-complete-v0_offline_evaluative/SUgNnTDt3j5Rf5GqLoVgnq/kitchen-complete-v0_52514f092f8b4600bff9956099c7eb79.mp4,3368,52514f092f8b4600bff9956099c7eb79,3468,evaluative,,{'1': {'0': 4}},1,admin
68,52b06ec5ac8b4138b1ec0742d53d7ff8,SUgNnTDt3j5Rf5GqLoVgnq,2024-09-02 14:20:59,1,0,@/assets/video/SUgNnTDt3j5Rf5GqLoVgnq_kitchen-complete-v0_offline_evaluative/SUgNnTDt3j5Rf5GqLoVgnq/kitchen-complete-v0_52b06ec5ac8b4138b1ec0742d53d7ff8.mp4,1994,52b06ec5ac8b4138b1ec0742d53d7ff8,2094,evaluative,,{'1': {'0': 2}},1,admin
69,53b44037d17444ca9fb48a638a2b40bd,SUgNnTDt3j5Rf5GqLoVgnq,2024-09-02 14:21:07,1,0,@/assets/video/SUgNnTDt3j5Rf5GqLoVgnq_kitchen-complete-v0_offline_evaluative/SUgNnTDt3j5Rf5GqLoVgnq/kitchen-complete-v0_53b44037d17444ca9fb48a638a2b40bd.mp4,2503,53b44037d17444ca9fb48a638a2b40bd,2603,evaluative,,{'1': {'0': 1}},1,admin
70,54aa16eba2204bf9ba8e5c5545a31010,SUgNnTDt3j5Rf5GqLoVgnq,2024-09-02 14:21:14,1,0,@/assets/video/SUgNnTDt3j5Rf5GqLoVgnq_kitchen-complete-v0_offline_evaluative/SUgNnTDt3j5Rf5GqLoVgnq/kitchen-complete-v0_54aa16eba2204bf9ba8e5c5545a31010.mp4,2877,54aa16eba2204bf9ba8e5c5545a31010,2977,evaluative,,{'1': {'0': 1}},1,admin
71,54e002fbf3364180a8045e96fe830ca1,SUgNnTDt3j5Rf5GqLoVgnq,2024-09-02 14:21:21,1,0,@/assets/video/SUgNnTDt3j5Rf5GqLoVgnq_kitchen-complete-v0_offline_evaluative/SUgNnTDt3j5Rf5GqLoVgnq/kitchen-complete-v0_54e002fbf3364180a8045e96fe830ca1.mp4,611,54e002fbf3364180a8045e96fe830ca1,711,evaluative,,{'1': {'0': 2}},1,admin
72,584b7ceb76cf4883a71f27d7391f95a8,SUgNnTDt3j5Rf5GqLoVgnq,2024-09-02 14:21:28,1,0,@/assets/video/SUgNnTDt3j5Rf5GqLoVgnq_kitchen-complete-v0_offline_evaluative/SUgNnTDt3j5Rf5GqLoVgnq/kitchen-complete-v0_584b7ceb76cf4883a71f27d7391f95a8.mp4,1926,584b7ceb76cf4883a71f27d7391f95a8,2026,evaluative,,{'1': {'0': 2}},1,admin
73,5ca1017cf41d447b936a1e3f95e5f16c,SUgNnTDt3j5Rf5GqLoVgnq,2024-09-02 14:21:35,1,0,@/assets/video/SUgNnTDt3j5Rf5GqLoVgnq_kitchen-complete-v0_offline_evaluative/SUgNnTDt3j5Rf5GqLoVgnq/kitchen-complete-v0_5ca1017cf41d447b936a1e3f95e5f16c.mp4,1956,5ca1017cf41d447b936a1e3f95e5f16c,2056,evaluative,,{'1': {'0': 3}},1,admin
74,5d31f855181040c88a0ce51d72088999,SUgNnTDt3j5Rf5GqLoVgnq,2024-09-02 14:21:41,1,0,@/assets/video/SUgNnTDt3j5Rf5GqLoVgnq_kitchen-complete-v0_offline_evaluative/SUgNnTDt3j5Rf5GqLoVgnq/kitchen-complete-v0_5d31f855181040c88a0ce51d72088999.mp4,1010,5d31f855181040c88a0ce51d72088999,1110,evaluative,,{'1': {'0': 2}},1,admin
75,5e4c136c74f24ba3ba758181cf7db768,SUgNnTDt3j5Rf5GqLoVgnq,2024-09-02 14:21:49,1,0,@/assets/video/SUgNnTDt3j5Rf5GqLoVgnq_kitchen-complete-v0_offline_evaluative/SUgNnTDt3j5Rf5GqLoVgnq/kitchen-complete-v0_5e4c136c74f24ba3ba758181cf7db768.mp4,2968,5e4c136c74f24ba3ba758181cf7db768,3068,evaluative,,{'1': {'0': 4}},1,admin
76,5eaa20d83777428baecfe1b79f8ff111,SUgNnTDt3j5Rf5GqLoVgnq,2024-09-02 14:22:37,1,0,@/assets/video/SUgNnTDt3j5Rf5GqLoVgnq_kitchen-complete-v0_offline_evaluative/SUgNnTDt3j5Rf5GqLoVgnq/kitchen-complete-v0_5eaa20d83777428baecfe1b79f8ff111.mp4,1727,5eaa20d83777428baecfe1b79f8ff111,1827,evaluative,,{'1': {'0': 2}},1,admin
77,5f45ec25dff745759501b961b27becf3,SUgNnTDt3j5Rf5GqLoVgnq,2024-09-02 14:22:44,1,0,@/assets/video/SUgNnTDt3j5Rf5GqLoVgnq_kitchen-complete-v0_offline_evaluative/SUgNnTDt3j5Rf5GqLoVgnq/kitchen-complete-v0_5f45ec25dff745759501b961b27becf3.mp4,258,5f45ec25dff745759501b961b27becf3,358,evaluative,,{'1': {'0': 3}},1,admin
78,5f5f295f7b7b453aa8e73d658107fee6,SUgNnTDt3j5Rf5GqLoVgnq,2024-09-02 14:22:53,1,0,@/assets/video/SUgNnTDt3j5Rf5GqLoVgnq_kitchen-complete-v0_offline_evaluative/SUgNnTDt3j5Rf5GqLoVgnq/kitchen-complete-v0_5f5f295f7b7b453aa8e73d658107fee6.mp4,573,5f5f295f7b7b453aa8e73d658107fee6,673,evaluative,,{'1': {'0': 2}},1,admin
79,60f7235049a74e98b1bec71deb448602,SUgNnTDt3j5Rf5GqLoVgnq,2024-09-02 14:23:02,1,0,@/assets/video/SUgNnTDt3j5Rf5GqLoVgnq_kitchen-complete-v0_offline_evaluative/SUgNnTDt3j5Rf5GqLoVgnq/kitchen-complete-v0_60f7235049a74e98b1bec71deb448602.mp4,626,60f7235049a74e98b1bec71deb448602,726,evaluative,,{'1': {'0': 3}},1,admin
80,616fcc212ef9429094d3e6f214650a57,SUgNnTDt3j5Rf5GqLoVgnq,2024-09-02 14:23:08,1,0,@/assets/video/SUgNnTDt3j5Rf5GqLoVgnq_kitchen-complete-v0_offline_evaluative/SUgNnTDt3j5Rf5GqLoVgnq/kitchen-complete-v0_616fcc212ef9429094d3e6f214650a57.mp4,2331,616fcc212ef9429094d3e6f214650a57,2431,evaluative,,{'1': {'0': 2}},1,admin
81,6237fe735b1648fcb3f9eaf80b11b9df,SUgNnTDt3j5Rf5GqLoVgnq,2024-09-02 14:23:15,1,0,@/assets/video/SUgNnTDt3j5Rf5GqLoVgnq_kitchen-complete-v0_offline_evaluative/SUgNnTDt3j5Rf5GqLoVgnq/kitchen-complete-v0_6237fe735b1648fcb3f9eaf80b11b9df.mp4,2587,6237fe735b1648fcb3f9eaf80b11b9df,2687,evaluative,,{'1': {'0': 4}},1,admin
82,6311ee7a19a8420ab95068061220256c,SUgNnTDt3j5Rf5GqLoVgnq,2024-09-02 14:23:22,1,0,@/assets/video/SUgNnTDt3j5Rf5GqLoVgnq_kitchen-complete-v0_offline_evaluative/SUgNnTDt3j5Rf5GqLoVgnq/kitchen-complete-v0_6311ee7a19a8420ab95068061220256c.mp4,17,6311ee7a19a8420ab95068061220256c,117,evaluative,,{'1': {'0': 2}},1,admin
83,651ff5ad9c97486ab81ca6eb255c384f,SUgNnTDt3j5Rf5GqLoVgnq,2024-09-02 14:23:29,1,0,@/assets/video/SUgNnTDt3j5Rf5GqLoVgnq_kitchen-complete-v0_offline_evaluative/SUgNnTDt3j5Rf5GqLoVgnq/kitchen-complete-v0_651ff5ad9c97486ab81ca6eb255c384f.mp4,2388,651ff5ad9c97486ab81ca6eb255c384f,2488,evaluative,,{'1': {'0': 3}},1,admin
84,665dcd53087e41bcb9ef421e16f7daea,SUgNnTDt3j5Rf5GqLoVgnq,2024-09-02 14:23:40,1,0,@/assets/video/SUgNnTDt3j5Rf5GqLoVgnq_kitchen-complete-v0_offline_evaluative/SUgNnTDt3j5Rf5GqLoVgnq/kitchen-complete-v0_665dcd53087e41bcb9ef421e16f7daea.mp4,2552,665dcd53087e41bcb9ef421e16f7daea,2652,evaluative,,{'1': {'0': 3}},1,admin
85,673c1d19c4b94e268a7e33b9b1fed091,SUgNnTDt3j5Rf5GqLoVgnq,2024-09-02 14:25:08,1,0,@/assets/video/SUgNnTDt3j5Rf5GqLoVgnq_kitchen-complete-v0_offline_evaluative/SUgNnTDt3j5Rf5GqLoVgnq/kitchen-complete-v0_673c1d19c4b94e268a7e33b9b1fed091.mp4,772,673c1d19c4b94e268a7e33b9b1fed091,872,evaluative,,{'1': {'0': 1}},1,admin
86,6976fe098b5e419287af15089ad1acad,SUgNnTDt3j5Rf5GqLoVgnq,2024-09-02 14:25:14,1,0,@/assets/video/SUgNnTDt3j5Rf5GqLoVgnq_kitchen-complete-v0_offline_evaluative/SUgNnTDt3j5Rf5GqLoVgnq/kitchen-complete-v0_6976fe098b5e419287af15089ad1acad.mp4,847,6976fe098b5e419287af15089ad1acad,947,evaluative,,{'1': {'0': 3}},1,admin
87,6a6559289cb2443f9fc871348d5d16c0,SUgNnTDt3j5Rf5GqLoVgnq,2024-09-02 14:25:23,1,0,@/assets/video/SUgNnTDt3j5Rf5GqLoVgnq_kitchen-complete-v0_offline_evaluative/SUgNnTDt3j5Rf5GqLoVgnq/kitchen-complete-v0_6a6559289cb2443f9fc871348d5d16c0.mp4,612,6a6559289cb2443f9fc871348d5d16c0,712,evaluative,,{'1': {'0': 2}},1,admin
88,6b657ed90ddd46708fa04d829a367da7,SUgNnTDt3j5Rf5GqLoVgnq,2024-09-02 14:25:30,1,0,@/assets/video/SUgNnTDt3j5Rf5GqLoVgnq_kitchen-complete-v0_offline_evaluative/SUgNnTDt3j5Rf5GqLoVgnq/kitchen-complete-v0_6b657ed90ddd46708fa04d829a367da7.mp4,3357,6b657ed90ddd46708fa04d829a367da7,3457,evaluative,,{'1': {'0': 2}},1,admin
89,6be32fa67a5e400cb3f4c663b2e3c408,SUgNnTDt3j5Rf5GqLoVgnq,2024-09-02 14:25:38,1,0,@/assets/video/SUgNnTDt3j5Rf5GqLoVgnq_kitchen-complete-v0_offline_evaluative/SUgNnTDt3j5Rf5GqLoVgnq/kitchen-complete-v0_6be32fa67a5e400cb3f4c663b2e3c408.mp4,1570,6be32fa67a5e400cb3f4c663b2e3c408,1670,evaluative,,{'1': {'0': 3}},1,admin
90,6d596a5888f5422e9bafa656fbd5f2d7,SUgNnTDt3j5Rf5GqLoVgnq,2024-09-02 14:25:45,1,0,@/assets/video/SUgNnTDt3j5Rf5GqLoVgnq_kitchen-complete-v0_offline_evaluative/SUgNnTDt3j5Rf5GqLoVgnq/kitchen-complete-v0_6d596a5888f5422e9bafa656fbd5f2d7.mp4,2361,6d596a5888f5422e9bafa656fbd5f2d7,2461,evaluative,,{'1': {'0': 2}},1,admin
91,6edb4ef4f53247ddaa5e666e3d9c2fdb,SUgNnTDt3j5Rf5GqLoVgnq,2024-09-02 14:25:51,1,0,@/assets/video/SUgNnTDt3j5Rf5GqLoVgnq_kitchen-complete-v0_offline_evaluative/SUgNnTDt3j5Rf5GqLoVgnq/kitchen-complete-v0_6edb4ef4f53247ddaa5e666e3d9c2fdb.mp4,1794,6edb4ef4f53247ddaa5e666e3d9c2fdb,1894,evaluative,,{'1': {'0': 3}},1,admin
92,6f854076b29e4494a18f06ddc3730184,SUgNnTDt3j5Rf5GqLoVgnq,2024-09-02 14:26:00,1,0,@/assets/video/SUgNnTDt3j5Rf5GqLoVgnq_kitchen-complete-v0_offline_evaluative/SUgNnTDt3j5Rf5GqLoVgnq/kitchen-complete-v0_6f854076b29e4494a18f06ddc3730184.mp4,1742,6f854076b29e4494a18f06ddc3730184,1842,evaluative,,{'1': {'0': 3}},1,admin
93,73a1d774ff784be78e727c0583fc78b6,SUgNnTDt3j5Rf5GqLoVgnq,2024-09-02 14:26:10,1,0,@/assets/video/SUgNnTDt3j5Rf5GqLoVgnq_kitchen-complete-v0_offline_evaluative/SUgNnTDt3j5Rf5GqLoVgnq/kitchen-complete-v0_73a1d774ff784be78e727c0583fc78b6.mp4,770,73a1d774ff784be78e727c0583fc78b6,870,evaluative,,{'1': {'0': 1}},1,admin
94,7454563bcfa14543a2857f2c5b7857b0,SUgNnTDt3j5Rf5GqLoVgnq,2024-09-02 14:26:17,1,0,@/assets/video/SUgNnTDt3j5Rf5GqLoVgnq_kitchen-complete-v0_offline_evaluative/SUgNnTDt3j5Rf5GqLoVgnq/kitchen-complete-v0_7454563bcfa14543a2857f2c5b7857b0.mp4,569,7454563bcfa14543a2857f2c5b7857b0,669,evaluative,,{'1': {'0': 2}},1,admin
95,74c0ed7a55914ce4a1c1dfee4ff3a12a,SUgNnTDt3j5Rf5GqLoVgnq,2024-09-02 14:26:24,1,0,@/assets/video/SUgNnTDt3j5Rf5GqLoVgnq_kitchen-complete-v0_offline_evaluative/SUgNnTDt3j5Rf5GqLoVgnq/kitchen-complete-v0_74c0ed7a55914ce4a1c1dfee4ff3a12a.mp4,1748,74c0ed7a55914ce4a1c1dfee4ff3a12a,1848,evaluative,,{'1': {'0': 3}},1,admin
96,7617f508149548d6bed721ddc35c1b76,SUgNnTDt3j5Rf5GqLoVgnq,2024-09-02 14:27:35,1,0,@/assets/video/SUgNnTDt3j5Rf5GqLoVgnq_kitchen-complete-v0_offline_evaluative/SUgNnTDt3j5Rf5GqLoVgnq/kitchen-complete-v0_7617f508149548d6bed721ddc35c1b76.mp4,373,7617f508149548d6bed721ddc35c1b76,473,evaluative,,{'1': {'0': 1}},1,admin
97,792aeb4ceff94ad084a7085165073b03,SUgNnTDt3j5Rf5GqLoVgnq,2024-09-02 14:27:42,1,0,@/assets/video/SUgNnTDt3j5Rf5GqLoVgnq_kitchen-complete-v0_offline_evaluative/SUgNnTDt3j5Rf5GqLoVgnq/kitchen-complete-v0_792aeb4ceff94ad084a7085165073b03.mp4,2333,792aeb4ceff94ad084a7085165073b03,2433,evaluative,,{'1': {'0': 3}},1,admin
98,79c5ff684bae42dd873cb3375ec88510,SUgNnTDt3j5Rf5GqLoVgnq,2024-09-02 14:27:48,1,0,@/assets/video/SUgNnTDt3j5Rf5GqLoVgnq_kitchen-complete-v0_offline_evaluative/SUgNnTDt3j5Rf5GqLoVgnq/kitchen-complete-v0_79c5ff684bae42dd873cb3375ec88510.mp4,2120,79c5ff684bae42dd873cb3375ec88510,2220,evaluative,,{'1': {'0': 2}},1,admin
99,7e6cfd0631bf4ead921467145baea81b,SUgNnTDt3j5Rf5GqLoVgnq,2024-09-02 14:27:54,1,0,@/assets/video/SUgNnTDt3j5Rf5GqLoVgnq_kitchen-complete-v0_offline_evaluative/SUgNnTDt3j5Rf5GqLoVgnq/kitchen-complete-v0_7e6cfd0631bf4ead921467145baea81b.mp4,1380,7e6cfd0631bf4ead921467145baea81b,1480,evaluative,,{'1': {'0': 4}},1,admin
100,7fb7f20b2c814c0bb48de5147558e0cc,SUgNnTDt3j5Rf5GqLoVgnq,2024-09-02 14:28:00,1,0,@/assets/video/SUgNnTDt3j5Rf5GqLoVgnq_kitchen-complete-v0_offline_evaluative/SUgNnTDt3j5Rf5GqLoVgnq/kitchen-complete-v0_7fb7f20b2c814c0bb48de5147558e0cc.mp4,651,7fb7f20b2c814c0bb48de5147558e0cc,751,evaluative,,{'1': {'0': 4}},1,admin
101,814121831dc2415cb89d6c0f3be64428,SUgNnTDt3j5Rf5GqLoVgnq,2024-09-02 14:28:14,1,0,@/assets/video/SUgNnTDt3j5Rf5GqLoVgnq_kitchen-complete-v0_offline_evaluative/SUgNnTDt3j5Rf5GqLoVgnq/kitchen-complete-v0_814121831dc2415cb89d6c0f3be64428.mp4,2307,814121831dc2415cb89d6c0f3be64428,2407,evaluative,,{'1': {'0': 1}},1,admin
102,827f69cf243f46a6b0277c2765fd7db3,SUgNnTDt3j5Rf5GqLoVgnq,2024-09-02 14:30:34,1,0,@/assets/video/SUgNnTDt3j5Rf5GqLoVgnq_kitchen-complete-v0_offline_evaluative/SUgNnTDt3j5Rf5GqLoVgnq/kitchen-complete-v0_827f69cf243f46a6b0277c2765fd7db3.mp4,2586,827f69cf243f46a6b0277c2765fd7db3,2686,evaluative,,{'1': {'0': 4}},1,admin
103,831e8df06ba244c8a796a7a7e632e432,SUgNnTDt3j5Rf5GqLoVgnq,2024-09-02 14:30:43,1,0,@/assets/video/SUgNnTDt3j5Rf5GqLoVgnq_kitchen-complete-v0_offline_evaluative/SUgNnTDt3j5Rf5GqLoVgnq/kitchen-complete-v0_831e8df06ba244c8a796a7a7e632e432.mp4,2912,831e8df06ba244c8a796a7a7e632e432,3012,evaluative,,{'1': {'0': 3}},1,admin
104,84557e78be4c46b28a6f308806cc2cb7,SUgNnTDt3j5Rf5GqLoVgnq,2024-09-02 14:30:59,1,0,@/assets/video/SUgNnTDt3j5Rf5GqLoVgnq_kitchen-complete-v0_offline_evaluative/SUgNnTDt3j5Rf5GqLoVgnq/kitchen-complete-v0_84557e78be4c46b28a6f308806cc2cb7.mp4,1809,84557e78be4c46b28a6f308806cc2cb7,1909,evaluative,,{'1': {'0': 2}},1,admin
105,85e74ade79bd4892942985618e716563,SUgNnTDt3j5Rf5GqLoVgnq,2024-09-02 14:31:08,1,0,@/assets/video/SUgNnTDt3j5Rf5GqLoVgnq_kitchen-complete-v0_offline_evaluative/SUgNnTDt3j5Rf5GqLoVgnq/kitchen-complete-v0_85e74ade79bd4892942985618e716563.mp4,2146,85e74ade79bd4892942985618e716563,2246,evaluative,,{'1': {'0': 4}},1,admin
106,86ba34ba5fc64972966c081f39cffb8b,SUgNnTDt3j5Rf5GqLoVgnq,2024-09-02 14:31:20,1,0,@/assets/video/SUgNnTDt3j5Rf5GqLoVgnq_kitchen-complete-v0_offline_evaluative/SUgNnTDt3j5Rf5GqLoVgnq/kitchen-complete-v0_86ba34ba5fc64972966c081f39cffb8b.mp4,1962,86ba34ba5fc64972966c081f39cffb8b,2062,evaluative,,{'1': {'0': 2}},1,admin
107,86e32e82610841c0b614614aae3d99dc,SUgNnTDt3j5Rf5GqLoVgnq,2024-09-02 14:32:06,1,0,@/assets/video/SUgNnTDt3j5Rf5GqLoVgnq_kitchen-complete-v0_offline_evaluative/SUgNnTDt3j5Rf5GqLoVgnq/kitchen-complete-v0_86e32e82610841c0b614614aae3d99dc.mp4,2010,86e32e82610841c0b614614aae3d99dc,2110,evaluative,,{'1': {'0': 3}},1,admin
108,878dd38f7fa54ee1bc9a4eed9470736b,SUgNnTDt3j5Rf5GqLoVgnq,2024-09-02 14:32:19,1,0,@/assets/video/SUgNnTDt3j5Rf5GqLoVgnq_kitchen-complete-v0_offline_evaluative/SUgNnTDt3j5Rf5GqLoVgnq/kitchen-complete-v0_878dd38f7fa54ee1bc9a4eed9470736b.mp4,806,878dd38f7fa54ee1bc9a4eed9470736b,906,evaluative,,{'1': {'0': 4}},1,admin
109,8b763623780d4f008434df1cfc8c48f4,SUgNnTDt3j5Rf5GqLoVgnq,2024-09-02 14:32:27,1,0,@/assets/video/SUgNnTDt3j5Rf5GqLoVgnq_kitchen-complete-v0_offline_evaluative/SUgNnTDt3j5Rf5GqLoVgnq/kitchen-complete-v0_8b763623780d4f008434df1cfc8c48f4.mp4,1915,8b763623780d4f008434df1cfc8c48f4,2015,evaluative,,{'1': {'0': 1}},1,admin
110,8c063322201d47319e08afd483c954f1,SUgNnTDt3j5Rf5GqLoVgnq,2024-09-02 14:32:34,1,0,@/assets/video/SUgNnTDt3j5Rf5GqLoVgnq_kitchen-complete-v0_offline_evaluative/SUgNnTDt3j5Rf5GqLoVgnq/kitchen-complete-v0_8c063322201d47319e08afd483c954f1.mp4,3331,8c063322201d47319e08afd483c954f1,3431,evaluative,,{'1': {'0': 2}},1,admin
111,8e435be1e04d48ebb121d6605cd119f3,SUgNnTDt3j5Rf5GqLoVgnq,2024-09-02 14:32:45,1,0,@/assets/video/SUgNnTDt3j5Rf5GqLoVgnq_kitchen-complete-v0_offline_evaluative/SUgNnTDt3j5Rf5GqLoVgnq/kitchen-complete-v0_8e435be1e04d48ebb121d6605cd119f3.mp4,3079,8e435be1e04d48ebb121d6605cd119f3,3179,evaluative,,{'1': {'0': 1}},1,admin
112,9133115a01834f699037f9f156cdabc5,SUgNnTDt3j5Rf5GqLoVgnq,2024-09-02 14:32:52,1,0,@/assets/video/SUgNnTDt3j5Rf5GqLoVgnq_kitchen-complete-v0_offline_evaluative/SUgNnTDt3j5Rf5GqLoVgnq/kitchen-complete-v0_9133115a01834f699037f9f156cdabc5.mp4,1160,9133115a01834f699037f9f156cdabc5,1260,evaluative,,{'1': {'0': 2}},1,admin
113,922a263ac1e847c090727e1d8fb2aeaf,SUgNnTDt3j5Rf5GqLoVgnq,2024-09-02 14:32:59,1,0,@/assets/video/SUgNnTDt3j5Rf5GqLoVgnq_kitchen-complete-v0_offline_evaluative/SUgNnTDt3j5Rf5GqLoVgnq/kitchen-complete-v0_922a263ac1e847c090727e1d8fb2aeaf.mp4,789,922a263ac1e847c090727e1d8fb2aeaf,889,evaluative,,{'1': {'0': 3}},1,admin
114,927c760607064916b4d89d5d077fc703,SUgNnTDt3j5Rf5GqLoVgnq,2024-09-02 14:33:22,1,0,@/assets/video/SUgNnTDt3j5Rf5GqLoVgnq_kitchen-complete-v0_offline_evaluative/SUgNnTDt3j5Rf5GqLoVgnq/kitchen-complete-v0_927c760607064916b4d89d5d077fc703.mp4,817,927c760607064916b4d89d5d077fc703,917,evaluative,,{'1': {'0': 3}},1,admin
115,94bfef063b5f4a1e83463325b35666fa,SUgNnTDt3j5Rf5GqLoVgnq,2024-09-02 14:45:36,1,0,@/assets/video/SUgNnTDt3j5Rf5GqLoVgnq_kitchen-complete-v0_offline_evaluative/SUgNnTDt3j5Rf5GqLoVgnq/kitchen-complete-v0_94bfef063b5f4a1e83463325b35666fa.mp4,2962,94bfef063b5f4a1e83463325b35666fa,3062,evaluative,,{'1': {'0': 4}},1,admin
116,9581f1d70cd84e3b8e7b4a27062cb138,SUgNnTDt3j5Rf5GqLoVgnq,2024-09-02 14:45:48,1,0,@/assets/video/SUgNnTDt3j5Rf5GqLoVgnq_kitchen-complete-v0_offline_evaluative/SUgNnTDt3j5Rf5GqLoVgnq/kitchen-complete-v0_9581f1d70cd84e3b8e7b4a27062cb138.mp4,2557,9581f1d70cd84e3b8e7b4a27062cb138,2657,evaluative,,{'1': {'0': 2}},1,admin
117,9690431ff29b4fbbabf4a57266e6c43b,SUgNnTDt3j5Rf5GqLoVgnq,2024-09-02 14:45:55,1,0,@/assets/video/SUgNnTDt3j5Rf5GqLoVgnq_kitchen-complete-v0_offline_evaluative/SUgNnTDt3j5Rf5GqLoVgnq/kitchen-complete-v0_9690431ff29b4fbbabf4a57266e6c43b.mp4,1390,9690431ff29b4fbbabf4a57266e6c43b,1490,evaluative,,{'1': {'0': 2}},1,admin
118,96cbde92630f4ab2a2d6f18b90b78cf8,SUgNnTDt3j5Rf5GqLoVgnq,2024-09-02 14:46:07,1,0,@/assets/video/SUgNnTDt3j5Rf5GqLoVgnq_kitchen-complete-v0_offline_evaluative/SUgNnTDt3j5Rf5GqLoVgnq/kitchen-complete-v0_96cbde92630f4ab2a2d6f18b90b78cf8.mp4,1959,96cbde92630f4ab2a2d6f18b90b78cf8,2059,evaluative,,{'1': {'0': 1}},1,admin
119,974f5ecd17d0436cb7142a5519f4cf22,SUgNnTDt3j5Rf5GqLoVgnq,2024-09-02 14:46:13,1,0,@/assets/video/SUgNnTDt3j5Rf5GqLoVgnq_kitchen-complete-v0_offline_evaluative/SUgNnTDt3j5Rf5GqLoVgnq/kitchen-complete-v0_974f5ecd17d0436cb7142a5519f4cf22.mp4,1555,974f5ecd17d0436cb7142a5519f4cf22,1655,evaluative,,{'1': {'0': 3}},1,admin
120,97c48762c4cf4098a47c74121f0ddf65,SUgNnTDt3j5Rf5GqLoVgnq,2024-09-02 14:46:20,1,0,@/assets/video/SUgNnTDt3j5Rf5GqLoVgnq_kitchen-complete-v0_offline_evaluative/SUgNnTDt3j5Rf5GqLoVgnq/kitchen-complete-v0_97c48762c4cf4098a47c74121f0ddf65.mp4,260,97c48762c4cf4098a47c74121f0ddf65,360,evaluative,,{'1': {'0': 4}},1,admin
121,9819486ae007427f84db597faca226b1,SUgNnTDt3j5Rf5GqLoVgnq,2024-09-02 14:46:39,1,0,@/assets/video/SUgNnTDt3j5Rf5GqLoVgnq_kitchen-complete-v0_offline_evaluative/SUgNnTDt3j5Rf5GqLoVgnq/kitchen-complete-v0_9819486ae007427f84db597faca226b1.mp4,3106,9819486ae007427f84db597faca226b1,3206,evaluative,,{'1': {'0': 3}},1,admin
122,98dea924fc9643cf863afdc7d5a29e61,SUgNnTDt3j5Rf5GqLoVgnq,2024-09-02 14:46:49,1,0,@/assets/video/SUgNnTDt3j5Rf5GqLoVgnq_kitchen-complete-v0_offline_evaluative/SUgNnTDt3j5Rf5GqLoVgnq/kitchen-complete-v0_98dea924fc9643cf863afdc7d5a29e61.mp4,204,98dea924fc9643cf863afdc7d5a29e61,304,evaluative,,{'1': {'0': 3}},1,admin
123,9a6372bc5e0a42bb9c2448cfad89a63c,SUgNnTDt3j5Rf5GqLoVgnq,2024-09-02 14:46:56,1,0,@/assets/video/SUgNnTDt3j5Rf5GqLoVgnq_kitchen-complete-v0_offline_evaluative/SUgNnTDt3j5Rf5GqLoVgnq/kitchen-complete-v0_9a6372bc5e0a42bb9c2448cfad89a63c.mp4,49,9a6372bc5e0a42bb9c2448cfad89a63c,149,evaluative,,{'1': {'0': 2}},1,admin
124,9d034c6e459840a28925e7464eceb304,SUgNnTDt3j5Rf5GqLoVgnq,2024-09-02 14:47:02,1,0,@/assets/video/SUgNnTDt3j5Rf5GqLoVgnq_kitchen-complete-v0_offline_evaluative/SUgNnTDt3j5Rf5GqLoVgnq/kitchen-complete-v0_9d034c6e459840a28925e7464eceb304.mp4,1052,9d034c6e459840a28925e7464eceb304,1152,evaluative,,{'1': {'0': 3}},1,admin
125,9e241a1458bd4281b987e85e4023684a,SUgNnTDt3j5Rf5GqLoVgnq,2024-09-02 14:47:10,1,0,@/assets/video/SUgNnTDt3j5Rf5GqLoVgnq_kitchen-complete-v0_offline_evaluative/SUgNnTDt3j5Rf5GqLoVgnq/kitchen-complete-v0_9e241a1458bd4281b987e85e4023684a.mp4,1343,9e241a1458bd4281b987e85e4023684a,1443,evaluative,,{'1': {'0': 1}},1,admin
126,9f65d63355e944eba652c474672ffc98,SUgNnTDt3j5Rf5GqLoVgnq,2024-09-02 14:47:19,1,0,@/assets/video/SUgNnTDt3j5Rf5GqLoVgnq_kitchen-complete-v0_offline_evaluative/SUgNnTDt3j5Rf5GqLoVgnq/kitchen-complete-v0_9f65d63355e944eba652c474672ffc98.mp4,2358,9f65d63355e944eba652c474672ffc98,2458,evaluative,,{'1': {'0': 2}},1,admin
127,9fa93b879afb4df08f810ed32ff29761,SUgNnTDt3j5Rf5GqLoVgnq,2024-09-02 14:47:27,1,0,@/assets/video/SUgNnTDt3j5Rf5GqLoVgnq_kitchen-complete-v0_offline_evaluative/SUgNnTDt3j5Rf5GqLoVgnq/kitchen-complete-v0_9fa93b879afb4df08f810ed32ff29761.mp4,2338,9fa93b879afb4df08f810ed32ff29761,2438,evaluative,,{'1': {'0': 3}},1,admin
128,a2413ac06f854a7d8c0c76232ec14fee,SUgNnTDt3j5Rf5GqLoVgnq,2024-09-02 14:47:37,1,0,@/assets/video/SUgNnTDt3j5Rf5GqLoVgnq_kitchen-complete-v0_offline_evaluative/SUgNnTDt3j5Rf5GqLoVgnq/kitchen-complete-v0_a2413ac06f854a7d8c0c76232ec14fee.mp4,27,a2413ac06f854a7d8c0c76232ec14fee,127,evaluative,,{'1': {'0': 3}},1,admin
129,a2e58c4774e149f38300da7206663f2b,SUgNnTDt3j5Rf5GqLoVgnq,2024-09-02 14:49:16,1,0,@/assets/video/SUgNnTDt3j5Rf5GqLoVgnq_kitchen-complete-v0_offline_evaluative/SUgNnTDt3j5Rf5GqLoVgnq/kitchen-complete-v0_a2e58c4774e149f38300da7206663f2b.mp4,456,a2e58c4774e149f38300da7206663f2b,556,evaluative,,{'1': {'0': 3}},1,admin
130,a361ef975da6440d98da007841b52532,SUgNnTDt3j5Rf5GqLoVgnq,2024-09-02 14:49:24,1,0,@/assets/video/SUgNnTDt3j5Rf5GqLoVgnq_kitchen-complete-v0_offline_evaluative/SUgNnTDt3j5Rf5GqLoVgnq/kitchen-complete-v0_a361ef975da6440d98da007841b52532.mp4,1203,a361ef975da6440d98da007841b52532,1303,evaluative,,{'1': {'0': 3}},1,admin
131,a3e257cf0a7443f8b031ff0b7d9203a2,SUgNnTDt3j5Rf5GqLoVgnq,2024-09-02 14:49:31,1,0,@/assets/video/SUgNnTDt3j5Rf5GqLoVgnq_kitchen-complete-v0_offline_evaluative/SUgNnTDt3j5Rf5GqLoVgnq/kitchen-complete-v0_a3e257cf0a7443f8b031ff0b7d9203a2.mp4,1055,a3e257cf0a7443f8b031ff0b7d9203a2,1155,evaluative,,{'1': {'0': 3}},1,admin
132,a3fd59ac57294c8398a7181e809c48dc,SUgNnTDt3j5Rf5GqLoVgnq,2024-09-02 14:49:37,1,0,@/assets/video/SUgNnTDt3j5Rf5GqLoVgnq_kitchen-complete-v0_offline_evaluative/SUgNnTDt3j5Rf5GqLoVgnq/kitchen-complete-v0_a3fd59ac57294c8398a7181e809c48dc.mp4,1190,a3fd59ac57294c8398a7181e809c48dc,1290,evaluative,,{'1': {'0': 4}},1,admin
133,a5bbc7e1cc8047a8857791c0a1341dec,SUgNnTDt3j5Rf5GqLoVgnq,2024-09-02 14:49:44,1,0,@/assets/video/SUgNnTDt3j5Rf5GqLoVgnq_kitchen-complete-v0_offline_evaluative/SUgNnTDt3j5Rf5GqLoVgnq/kitchen-complete-v0_a5bbc7e1cc8047a8857791c0a1341dec.mp4,603,a5bbc7e1cc8047a8857791c0a1341dec,703,evaluative,,{'1': {'0': 4}},1,admin
134,a63df1146a544de1aa3324fc126892fd,SUgNnTDt3j5Rf5GqLoVgnq,2024-09-02 14:49:57,1,0,@/assets/video/SUgNnTDt3j5Rf5GqLoVgnq_kitchen-complete-v0_offline_evaluative/SUgNnTDt3j5Rf5GqLoVgnq/kitchen-complete-v0_a63df1146a544de1aa3324fc126892fd.mp4,7,a63df1146a544de1aa3324fc126892fd,107,evaluative,,{'1': {'0': 2}},1,admin
135,a8823eae13d640929be45a9a83754265,SUgNnTDt3j5Rf5GqLoVgnq,2024-09-02 14:50:07,1,0,@/assets/video/SUgNnTDt3j5Rf5GqLoVgnq_kitchen-complete-v0_offline_evaluative/SUgNnTDt3j5Rf5GqLoVgnq/kitchen-complete-v0_a8823eae13d640929be45a9a83754265.mp4,2190,a8823eae13d640929be45a9a83754265,2290,evaluative,,{'1': {'0': 3}},1,admin
136,a8d6cd20cca741ee95f80f8e90918728,SUgNnTDt3j5Rf5GqLoVgnq,2024-09-02 14:50:14,1,0,@/assets/video/SUgNnTDt3j5Rf5GqLoVgnq_kitchen-complete-v0_offline_evaluative/SUgNnTDt3j5Rf5GqLoVgnq/kitchen-complete-v0_a8d6cd20cca741ee95f80f8e90918728.mp4,2721,a8d6cd20cca741ee95f80f8e90918728,2821,evaluative,,{'1': {'0': 4}},1,admin
137,a997a7605f5144bd9a89ac6f213505ee,SUgNnTDt3j5Rf5GqLoVgnq,2024-09-02 14:50:20,1,0,@/assets/video/SUgNnTDt3j5Rf5GqLoVgnq_kitchen-complete-v0_offline_evaluative/SUgNnTDt3j5Rf5GqLoVgnq/kitchen-complete-v0_a997a7605f5144bd9a89ac6f213505ee.mp4,3316,a997a7605f5144bd9a89ac6f213505ee,3416,evaluative,,{'1': {'0': 3}},1,admin
138,b0a245322c9447cd85dd1898020507df,SUgNnTDt3j5Rf5GqLoVgnq,2024-09-02 14:50:35,1,0,@/assets/video/SUgNnTDt3j5Rf5GqLoVgnq_kitchen-complete-v0_offline_evaluative/SUgNnTDt3j5Rf5GqLoVgnq/kitchen-complete-v0_b0a245322c9447cd85dd1898020507df.mp4,2312,b0a245322c9447cd85dd1898020507df,2412,evaluative,,{'1': {'0': 2}},1,admin
139,b4e10c52720440bbb272dcde41a3a87c,SUgNnTDt3j5Rf5GqLoVgnq,2024-09-02 14:50:42,1,0,@/assets/video/SUgNnTDt3j5Rf5GqLoVgnq_kitchen-complete-v0_offline_evaluative/SUgNnTDt3j5Rf5GqLoVgnq/kitchen-complete-v0_b4e10c52720440bbb272dcde41a3a87c.mp4,990,b4e10c52720440bbb272dcde41a3a87c,1090,evaluative,,{'1': {'0': 3}},1,admin
140,b556592bc17d4230ace625d96b51e30d,SUgNnTDt3j5Rf5GqLoVgnq,2024-09-02 14:50:48,1,0,@/assets/video/SUgNnTDt3j5Rf5GqLoVgnq_kitchen-complete-v0_offline_evaluative/SUgNnTDt3j5Rf5GqLoVgnq/kitchen-complete-v0_b556592bc17d4230ace625d96b51e30d.mp4,1541,b556592bc17d4230ace625d96b51e30d,1641,evaluative,,{'1': {'0': 2}},1,admin
141,b8178253ce084f1fb68e5bb14b2d1a20,SUgNnTDt3j5Rf5GqLoVgnq,2024-09-02 14:50:55,1,0,@/assets/video/SUgNnTDt3j5Rf5GqLoVgnq_kitchen-complete-v0_offline_evaluative/SUgNnTDt3j5Rf5GqLoVgnq/kitchen-complete-v0_b8178253ce084f1fb68e5bb14b2d1a20.mp4,21,b8178253ce084f1fb68e5bb14b2d1a20,121,evaluative,,{'1': {'0': 3}},1,admin
142,b85dcae67b614d48b2bde13983794618,SUgNnTDt3j5Rf5GqLoVgnq,2024-09-02 14:51:02,1,0,@/assets/video/SUgNnTDt3j5Rf5GqLoVgnq_kitchen-complete-v0_offline_evaluative/SUgNnTDt3j5Rf5GqLoVgnq/kitchen-complete-v0_b85dcae67b614d48b2bde13983794618.mp4,428,b85dcae67b614d48b2bde13983794618,528,evaluative,,{'1': {'0': 2}},1,admin
143,bc396fe138a14e0597c1e2cdaea0f5c9,SUgNnTDt3j5Rf5GqLoVgnq,2024-09-02 14:51:08,1,0,@/assets/video/SUgNnTDt3j5Rf5GqLoVgnq_kitchen-complete-v0_offline_evaluative/SUgNnTDt3j5Rf5GqLoVgnq/kitchen-complete-v0_bc396fe138a14e0597c1e2cdaea0f5c9.mp4,1754,bc396fe138a14e0597c1e2cdaea0f5c9,1854,evaluative,,{'1': {'0': 4}},1,admin
144,bc43cbb7144a4a85b562b7fe682b8447,SUgNnTDt3j5Rf5GqLoVgnq,2024-09-02 14:51:15,1,0,@/assets/video/SUgNnTDt3j5Rf5GqLoVgnq_kitchen-complete-v0_offline_evaluative/SUgNnTDt3j5Rf5GqLoVgnq/kitchen-complete-v0_bc43cbb7144a4a85b562b7fe682b8447.mp4,1351,bc43cbb7144a4a85b562b7fe682b8447,1451,evaluative,,{'1': {'0': 2}},1,admin
145,bc74bd839bf64716b5bbc267746f4253,SUgNnTDt3j5Rf5GqLoVgnq,2024-09-02 14:51:21,1,0,@/assets/video/SUgNnTDt3j5Rf5GqLoVgnq_kitchen-complete-v0_offline_evaluative/SUgNnTDt3j5Rf5GqLoVgnq/kitchen-complete-v0_bc74bd839bf64716b5bbc267746f4253.mp4,35,bc74bd839bf64716b5bbc267746f4253,135,evaluative,,{'1': {'0': 3}},1,admin
146,bdc702234f644a59961ba1a71c51348c,SUgNnTDt3j5Rf5GqLoVgnq,2024-09-02 14:51:30,1,0,@/assets/video/SUgNnTDt3j5Rf5GqLoVgnq_kitchen-complete-v0_offline_evaluative/SUgNnTDt3j5Rf5GqLoVgnq/kitchen-complete-v0_bdc702234f644a59961ba1a71c51348c.mp4,2155,bdc702234f644a59961ba1a71c51348c,2255,evaluative,,{'1': {'0': 2}},1,admin
147,beddc1b34994494785e71d9049abfd57,SUgNnTDt3j5Rf5GqLoVgnq,2024-09-02 14:51:46,1,0,@/assets/video/SUgNnTDt3j5Rf5GqLoVgnq_kitchen-complete-v0_offline_evaluative/SUgNnTDt3j5Rf5GqLoVgnq/kitchen-complete-v0_beddc1b34994494785e71d9049abfd57.mp4,2750,beddc1b34994494785e71d9049abfd57,2850,evaluative,,{'1': {'0': 3}},1,admin
148,bf3bdd7f22ca4115934a14a9d747c4f6,SUgNnTDt3j5Rf5GqLoVgnq,2024-09-02 14:51:53,1,0,@/assets/video/SUgNnTDt3j5Rf5GqLoVgnq_kitchen-complete-v0_offline_evaluative/SUgNnTDt3j5Rf5GqLoVgnq/kitchen-complete-v0_bf3bdd7f22ca4115934a14a9d747c4f6.mp4,39,bf3bdd7f22ca4115934a14a9d747c4f6,139,evaluative,,{'1': {'0': 4}},1,admin
149,c1a8092602eb4f949327559028576251,SUgNnTDt3j5Rf5GqLoVgnq,2024-09-02 14:51:59,1,0,@/assets/video/SUgNnTDt3j5Rf5GqLoVgnq_kitchen-complete-v0_offline_evaluative/SUgNnTDt3j5Rf5GqLoVgnq/kitchen-complete-v0_c1a8092602eb4f949327559028576251.mp4,2751,c1a8092602eb4f949327559028576251,2851,evaluative,,{'1': {'0': 3}},1,admin
150,c3dbd110ac444b0f81f171b88cef70ed,SUgNnTDt3j5Rf5GqLoVgnq,2024-09-02 14:52:08,1,0,@/assets/video/SUgNnTDt3j5Rf5GqLoVgnq_kitchen-complete-v0_offline_evaluative/SUgNnTDt3j5Rf5GqLoVgnq/kitchen-complete-v0_c3dbd110ac444b0f81f171b88cef70ed.mp4,396,c3dbd110ac444b0f81f171b88cef70ed,496,evaluative,,{'1': {'0': 3}},1,admin
151,c4761cfcaa37430594ac855a6b9148f6,SUgNnTDt3j5Rf5GqLoVgnq,2024-09-02 14:52:15,1,0,@/assets/video/SUgNnTDt3j5Rf5GqLoVgnq_kitchen-complete-v0_offline_evaluative/SUgNnTDt3j5Rf5GqLoVgnq/kitchen-complete-v0_c4761cfcaa37430594ac855a6b9148f6.mp4,1036,c4761cfcaa37430594ac855a6b9148f6,1136,evaluative,,{'1': {'0': 3}},1,admin
152,c50fa61d32354a5d8ec32f7e3f786862,SUgNnTDt3j5Rf5GqLoVgnq,2024-09-02 14:52:22,1,0,@/assets/video/SUgNnTDt3j5Rf5GqLoVgnq_kitchen-complete-v0_offline_evaluative/SUgNnTDt3j5Rf5GqLoVgnq/kitchen-complete-v0_c50fa61d32354a5d8ec32f7e3f786862.mp4,3364,c50fa61d32354a5d8ec32f7e3f786862,3464,evaluative,,{'1': {'0': 4}},1,admin
153,c647e7beaddc4aebba8ca9e53efbe002,SUgNnTDt3j5Rf5GqLoVgnq,2024-09-02 14:52:29,1,0,@/assets/video/SUgNnTDt3j5Rf5GqLoVgnq_kitchen-complete-v0_offline_evaluative/SUgNnTDt3j5Rf5GqLoVgnq/kitchen-complete-v0_c647e7beaddc4aebba8ca9e53efbe002.mp4,2910,c647e7beaddc4aebba8ca9e53efbe002,3010,evaluative,,{'1': {'0': 3}},1,admin
154,c740099c680841a684f96350eea80dc6,SUgNnTDt3j5Rf5GqLoVgnq,2024-09-02 14:52:37,1,0,@/assets/video/SUgNnTDt3j5Rf5GqLoVgnq_kitchen-complete-v0_offline_evaluative/SUgNnTDt3j5Rf5GqLoVgnq/kitchen-complete-v0_c740099c680841a684f96350eea80dc6.mp4,2577,c740099c680841a684f96350eea80dc6,2677,evaluative,,{'1': {'0': 3}},1,admin
155,caf8e8245ea049948343fe9f59669cc2,SUgNnTDt3j5Rf5GqLoVgnq,2024-09-02 14:52:45,1,0,@/assets/video/SUgNnTDt3j5Rf5GqLoVgnq_kitchen-complete-v0_offline_evaluative/SUgNnTDt3j5Rf5GqLoVgnq/kitchen-complete-v0_caf8e8245ea049948343fe9f59669cc2.mp4,2006,caf8e8245ea049948343fe9f59669cc2,2106,evaluative,,{'1': {'0': 3}},1,admin
156,cb008d94d9de4343b390a4a1b68a131a,SUgNnTDt3j5Rf5GqLoVgnq,2024-09-02 14:53:08,1,0,@/assets/video/SUgNnTDt3j5Rf5GqLoVgnq_kitchen-complete-v0_offline_evaluative/SUgNnTDt3j5Rf5GqLoVgnq/kitchen-complete-v0_cb008d94d9de4343b390a4a1b68a131a.mp4,2527,cb008d94d9de4343b390a4a1b68a131a,2627,evaluative,,{'1': {'0': 3}},1,admin
157,cb41e4fe5b564bd0a52cac0f759e718c,SUgNnTDt3j5Rf5GqLoVgnq,2024-09-02 14:53:15,1,0,@/assets/video/SUgNnTDt3j5Rf5GqLoVgnq_kitchen-complete-v0_offline_evaluative/SUgNnTDt3j5Rf5GqLoVgnq/kitchen-complete-v0_cb41e4fe5b564bd0a52cac0f759e718c.mp4,3132,cb41e4fe5b564bd0a52cac0f759e718c,3232,evaluative,,{'1': {'0': 2}},1,admin
158,cb7eeb50d6b14fa585c22d911a4dcce3,SUgNnTDt3j5Rf5GqLoVgnq,2024-09-02 14:53:22,1,0,@/assets/video/SUgNnTDt3j5Rf5GqLoVgnq_kitchen-complete-v0_offline_evaluative/SUgNnTDt3j5Rf5GqLoVgnq/kitchen-complete-v0_cb7eeb50d6b14fa585c22d911a4dcce3.mp4,1752,cb7eeb50d6b14fa585c22d911a4dcce3,1852,evaluative,,{'1': {'0': 3}},1,admin
159,cbbdcdb43d444272a2e92a911981bad3,SUgNnTDt3j5Rf5GqLoVgnq,2024-09-02 14:53:30,1,0,@/assets/video/SUgNnTDt3j5Rf5GqLoVgnq_kitchen-complete-v0_offline_evaluative/SUgNnTDt3j5Rf5GqLoVgnq/kitchen-complete-v0_cbbdcdb43d444272a2e92a911981bad3.mp4,411,cbbdcdb43d444272a2e92a911981bad3,511,evaluative,,{'1': {'0': 4}},1,admin
160,cbeff1568ecc4196b5403fa3271f6272,SUgNnTDt3j5Rf5GqLoVgnq,2024-09-02 14:53:39,1,0,@/assets/video/SUgNnTDt3j5Rf5GqLoVgnq_kitchen-complete-v0_offline_evaluative/SUgNnTDt3j5Rf5GqLoVgnq/kitchen-complete-v0_cbeff1568ecc4196b5403fa3271f6272.mp4,37,cbeff1568ecc4196b5403fa3271f6272,137,evaluative,,{'1': {'0': 4}},1,admin
161,cc4b41f5fefb44e3bcf3a189f1ade427,SUgNnTDt3j5Rf5GqLoVgnq,2024-09-02 14:54:04,1,0,@/assets/video/SUgNnTDt3j5Rf5GqLoVgnq_kitchen-complete-v0_offline_evaluative/SUgNnTDt3j5Rf5GqLoVgnq/kitchen-complete-v0_cc4b41f5fefb44e3bcf3a189f1ade427.mp4,3295,cc4b41f5fefb44e3bcf3a189f1ade427,3395,evaluative,,{'1': {'0': 2}},1,admin
162,ccd5f3846ccd4e90936d782e9d7e9e0a,SUgNnTDt3j5Rf5GqLoVgnq,2024-09-02 14:54:11,1,0,@/assets/video/SUgNnTDt3j5Rf5GqLoVgnq_kitchen-complete-v0_offline_evaluative/SUgNnTDt3j5Rf5GqLoVgnq/kitchen-complete-v0_ccd5f3846ccd4e90936d782e9d7e9e0a.mp4,20,ccd5f3846ccd4e90936d782e9d7e9e0a,120,evaluative,,{'1': {'0': 3}},1,admin
163,d183a923d9a5484db149ee0b5116b3e9,SUgNnTDt3j5Rf5GqLoVgnq,2024-09-02 14:54:17,1,0,@/assets/video/SUgNnTDt3j5Rf5GqLoVgnq_kitchen-complete-v0_offline_evaluative/SUgNnTDt3j5Rf5GqLoVgnq/kitchen-complete-v0_d183a923d9a5484db149ee0b5116b3e9.mp4,1558,d183a923d9a5484db149ee0b5116b3e9,1658,evaluative,,{'1': {'0': 3}},1,admin
164,d42f84fb3f1848f6aaa1a7ad75c7a80e,SUgNnTDt3j5Rf5GqLoVgnq,2024-09-02 14:54:24,1,0,@/assets/video/SUgNnTDt3j5Rf5GqLoVgnq_kitchen-complete-v0_offline_evaluative/SUgNnTDt3j5Rf5GqLoVgnq/kitchen-complete-v0_d42f84fb3f1848f6aaa1a7ad75c7a80e.mp4,3143,d42f84fb3f1848f6aaa1a7ad75c7a80e,3243,evaluative,,{'1': {'0': 2}},1,admin
165,d4de2f891f3a4536ad8dcfda3e79bb1f,SUgNnTDt3j5Rf5GqLoVgnq,2024-09-02 14:54:30,1,0,@/assets/video/SUgNnTDt3j5Rf5GqLoVgnq_kitchen-complete-v0_offline_evaluative/SUgNnTDt3j5Rf5GqLoVgnq/kitchen-complete-v0_d4de2f891f3a4536ad8dcfda3e79bb1f.mp4,220,d4de2f891f3a4536ad8dcfda3e79bb1f,320,evaluative,,{'1': {'0': 4}},1,admin
166,d52cb11c20ea48f0b4185487538e4e66,SUgNnTDt3j5Rf5GqLoVgnq,2024-09-02 14:54:52,1,0,@/assets/video/SUgNnTDt3j5Rf5GqLoVgnq_kitchen-complete-v0_offline_evaluative/SUgNnTDt3j5Rf5GqLoVgnq/kitchen-complete-v0_d52cb11c20ea48f0b4185487538e4e66.mp4,257,d52cb11c20ea48f0b4185487538e4e66,357,evaluative,,{'1': {'0': 3}},1,admin
167,d5351704ace740d399fded25426c21e5,SUgNnTDt3j5Rf5GqLoVgnq,2024-09-02 14:55:23,1,0,@/assets/video/SUgNnTDt3j5Rf5GqLoVgnq_kitchen-complete-v0_offline_evaluative/SUgNnTDt3j5Rf5GqLoVgnq/kitchen-complete-v0_d5351704ace740d399fded25426c21e5.mp4,26,d5351704ace740d399fded25426c21e5,126,evaluative,,{'1': {'0': 3}},1,admin
168,d5e3f8a8fa6a4924974ac7dc40761608,SUgNnTDt3j5Rf5GqLoVgnq,2024-09-02 14:55:30,1,0,@/assets/video/SUgNnTDt3j5Rf5GqLoVgnq_kitchen-complete-v0_offline_evaluative/SUgNnTDt3j5Rf5GqLoVgnq/kitchen-complete-v0_d5e3f8a8fa6a4924974ac7dc40761608.mp4,3326,d5e3f8a8fa6a4924974ac7dc40761608,3426,evaluative,,{'1': {'0': 2}},1,admin
169,d8116f49647341b8a3a1e111d89c4f21,SUgNnTDt3j5Rf5GqLoVgnq,2024-09-02 14:56:18,1,0,@/assets/video/SUgNnTDt3j5Rf5GqLoVgnq_kitchen-complete-v0_offline_evaluative/SUgNnTDt3j5Rf5GqLoVgnq/kitchen-complete-v0_d8116f49647341b8a3a1e111d89c4f21.mp4,2117,d8116f49647341b8a3a1e111d89c4f21,2217,evaluative,,{'1': {'0': 2}},1,admin
170,d9ad0ba5ce7546c2bcf71103e92a2dc3,SUgNnTDt3j5Rf5GqLoVgnq,2024-09-02 14:56:28,1,0,@/assets/video/SUgNnTDt3j5Rf5GqLoVgnq_kitchen-complete-v0_offline_evaluative/SUgNnTDt3j5Rf5GqLoVgnq/kitchen-complete-v0_d9ad0ba5ce7546c2bcf71103e92a2dc3.mp4,2325,d9ad0ba5ce7546c2bcf71103e92a2dc3,2425,evaluative,,{'1': {'0': 2}},1,admin
171,da4aed2ac2fc458e84dd73245e759144,SUgNnTDt3j5Rf5GqLoVgnq,2024-09-02 14:56:37,1,0,@/assets/video/SUgNnTDt3j5Rf5GqLoVgnq_kitchen-complete-v0_offline_evaluative/SUgNnTDt3j5Rf5GqLoVgnq/kitchen-complete-v0_da4aed2ac2fc458e84dd73245e759144.mp4,2124,da4aed2ac2fc458e84dd73245e759144,2224,evaluative,,{'1': {'0': 2}},1,admin
172,da92752d13a64ff4a7666e12da01ae5b,SUgNnTDt3j5Rf5GqLoVgnq,2024-09-02 14:56:43,1,0,@/assets/video/SUgNnTDt3j5Rf5GqLoVgnq_kitchen-complete-v0_offline_evaluative/SUgNnTDt3j5Rf5GqLoVgnq/kitchen-complete-v0_da92752d13a64ff4a7666e12da01ae5b.mp4,571,da92752d13a64ff4a7666e12da01ae5b,671,evaluative,,{'1': {'0': 2}},1,admin
173,daf0c7dbf4ea4c6b9d4c75dacea7e82d,SUgNnTDt3j5Rf5GqLoVgnq,2024-09-02 14:56:54,1,0,@/assets/video/SUgNnTDt3j5Rf5GqLoVgnq_kitchen-complete-v0_offline_evaluative/SUgNnTDt3j5Rf5GqLoVgnq/kitchen-complete-v0_daf0c7dbf4ea4c6b9d4c75dacea7e82d.mp4,2357,daf0c7dbf4ea4c6b9d4c75dacea7e82d,2457,evaluative,,{'1': {'0': 2}},1,admin
174,db824584851f472f810220975cf20700,SUgNnTDt3j5Rf5GqLoVgnq,2024-09-02 14:57:01,1,0,@/assets/video/SUgNnTDt3j5Rf5GqLoVgnq_kitchen-complete-v0_offline_evaluative/SUgNnTDt3j5Rf5GqLoVgnq/kitchen-complete-v0_db824584851f472f810220975cf20700.mp4,2936,db824584851f472f810220975cf20700,3036,evaluative,,{'1': {'0': 2}},1,admin
175,dbece4d6867b4217a19e9879a9ac2030,SUgNnTDt3j5Rf5GqLoVgnq,2024-09-02 14:57:07,1,0,@/assets/video/SUgNnTDt3j5Rf5GqLoVgnq_kitchen-complete-v0_offline_evaluative/SUgNnTDt3j5Rf5GqLoVgnq/kitchen-complete-v0_dbece4d6867b4217a19e9879a9ac2030.mp4,1770,dbece4d6867b4217a19e9879a9ac2030,1870,evaluative,,{'1': {'0': 2}},1,admin
176,dd0f818356e046bea953ee51fde5b60b,SUgNnTDt3j5Rf5GqLoVgnq,2024-09-02 14:57:14,1,0,@/assets/video/SUgNnTDt3j5Rf5GqLoVgnq_kitchen-complete-v0_offline_evaluative/SUgNnTDt3j5Rf5GqLoVgnq/kitchen-complete-v0_dd0f818356e046bea953ee51fde5b60b.mp4,2338,dd0f818356e046bea953ee51fde5b60b,2438,evaluative,,{'1': {'0': 3}},1,admin
177,de85128a6ecf421abfb3e8d02e86d994,SUgNnTDt3j5Rf5GqLoVgnq,2024-09-02 14:57:21,1,0,@/assets/video/SUgNnTDt3j5Rf5GqLoVgnq_kitchen-complete-v0_offline_evaluative/SUgNnTDt3j5Rf5GqLoVgnq/kitchen-complete-v0_de85128a6ecf421abfb3e8d02e86d994.mp4,1351,de85128a6ecf421abfb3e8d02e86d994,1451,evaluative,,{'1': {'0': 2}},1,admin
178,ded23263193246029137490207c8ca0b,SUgNnTDt3j5Rf5GqLoVgnq,2024-09-02 14:57:28,1,0,@/assets/video/SUgNnTDt3j5Rf5GqLoVgnq_kitchen-complete-v0_offline_evaluative/SUgNnTDt3j5Rf5GqLoVgnq/kitchen-complete-v0_ded23263193246029137490207c8ca0b.mp4,816,ded23263193246029137490207c8ca0b,916,evaluative,,{'1': {'0': 2}},1,admin
179,e5d52ab0b4e34e33a2fd565f0b366173,SUgNnTDt3j5Rf5GqLoVgnq,2024-09-02 14:57:38,1,0,@/assets/video/SUgNnTDt3j5Rf5GqLoVgnq_kitchen-complete-v0_offline_evaluative/SUgNnTDt3j5Rf5GqLoVgnq/kitchen-complete-v0_e5d52ab0b4e34e33a2fd565f0b366173.mp4,1554,e5d52ab0b4e34e33a2fd565f0b366173,1654,evaluative,,{'1': {'0': 2}},1,admin
180,e97ffcf334ce43eabc3772e3f622bdbb,SUgNnTDt3j5Rf5GqLoVgnq,2024-09-02 14:57:46,1,0,@/assets/video/SUgNnTDt3j5Rf5GqLoVgnq_kitchen-complete-v0_offline_evaluative/SUgNnTDt3j5Rf5GqLoVgnq/kitchen-complete-v0_e97ffcf334ce43eabc3772e3f622bdbb.mp4,2753,e97ffcf334ce43eabc3772e3f622bdbb,2853,evaluative,,{'1': {'0': 3}},1,admin
181,ecf92f3b480042719a877b3231de83f4,SUgNnTDt3j5Rf5GqLoVgnq,2024-09-02 14:57:57,1,0,@/assets/video/SUgNnTDt3j5Rf5GqLoVgnq_kitchen-complete-v0_offline_evaluative/SUgNnTDt3j5Rf5GqLoVgnq/kitchen-complete-v0_ecf92f3b480042719a877b3231de83f4.mp4,1537,ecf92f3b480042719a877b3231de83f4,1637,evaluative,,{'1': {'0': 2}},1,admin
182,ed07cca933e44167aa0b6d9217ca5788,SUgNnTDt3j5Rf5GqLoVgnq,2024-09-02 14:59:16,1,0,@/assets/video/SUgNnTDt3j5Rf5GqLoVgnq_kitchen-complete-v0_offline_evaluative/SUgNnTDt3j5Rf5GqLoVgnq/kitchen-complete-v0_ed07cca933e44167aa0b6d9217ca5788.mp4,576,ed07cca933e44167aa0b6d9217ca5788,676,evaluative,,{'1': {'0': 2}},1,admin
183,ed8955448fe14e2982d2fda6232fd253,SUgNnTDt3j5Rf5GqLoVgnq,2024-09-02 14:59:23,1,0,@/assets/video/SUgNnTDt3j5Rf5GqLoVgnq_kitchen-complete-v0_offline_evaluative/SUgNnTDt3j5Rf5GqLoVgnq/kitchen-complete-v0_ed8955448fe14e2982d2fda6232fd253.mp4,1809,ed8955448fe14e2982d2fda6232fd253,1909,evaluative,,{'1': {'0': 3}},1,admin
184,edaaeef3384d4ef68874cb3a30f289ca,SUgNnTDt3j5Rf5GqLoVgnq,2024-09-02 14:59:30,1,0,@/assets/video/SUgNnTDt3j5Rf5GqLoVgnq_kitchen-complete-v0_offline_evaluative/SUgNnTDt3j5Rf5GqLoVgnq/kitchen-complete-v0_edaaeef3384d4ef68874cb3a30f289ca.mp4,2146,edaaeef3384d4ef68874cb3a30f289ca,2246,evaluative,,{'1': {'0': 3}},1,admin
185,edd666a77d834fc2960e87540bd38f87,SUgNnTDt3j5Rf5GqLoVgnq,2024-09-02 14:59:37,1,0,@/assets/video/SUgNnTDt3j5Rf5GqLoVgnq_kitchen-complete-v0_offline_evaluative/SUgNnTDt3j5Rf5GqLoVgnq/kitchen-complete-v0_edd666a77d834fc2960e87540bd38f87.mp4,2531,edd666a77d834fc2960e87540bd38f87,2631,evaluative,,{'1': {'0': 3}},1,admin
186,f1128b39225f4e4aa0d09bb12c1ff5d1,SUgNnTDt3j5Rf5GqLoVgnq,2024-09-02 14:59:43,1,0,@/assets/video/SUgNnTDt3j5Rf5GqLoVgnq_kitchen-complete-v0_offline_evaluative/SUgNnTDt3j5Rf5GqLoVgnq/kitchen-complete-v0_f1128b39225f4e4aa0d09bb12c1ff5d1.mp4,2753,f1128b39225f4e4aa0d09bb12c1ff5d1,2853,evaluative,,{'1': {'0': 2}},1,admin
187,f19bf3e4513547a1af8808583233eeb9,SUgNnTDt3j5Rf5GqLoVgnq,2024-09-02 14:59:50,1,0,@/assets/video/SUgNnTDt3j5Rf5GqLoVgnq_kitchen-complete-v0_offline_evaluative/SUgNnTDt3j5Rf5GqLoVgnq/kitchen-complete-v0_f19bf3e4513547a1af8808583233eeb9.mp4,1616,f19bf3e4513547a1af8808583233eeb9,1716,evaluative,,{'1': {'0': 3}},1,admin
188,f1bc6d9dfc644664a637f8cddc3323b0,SUgNnTDt3j5Rf5GqLoVgnq,2024-09-02 14:59:57,1,0,@/assets/video/SUgNnTDt3j5Rf5GqLoVgnq_kitchen-complete-v0_offline_evaluative/SUgNnTDt3j5Rf5GqLoVgnq/kitchen-complete-v0_f1bc6d9dfc644664a637f8cddc3323b0.mp4,369,f1bc6d9dfc644664a637f8cddc3323b0,469,evaluative,,{'1': {'0': 1}},1,admin
189,f268624ceab646eea34e6d9950ccde9e,SUgNnTDt3j5Rf5GqLoVgnq,2024-09-02 15:00:04,1,0,@/assets/video/SUgNnTDt3j5Rf5GqLoVgnq_kitchen-complete-v0_offline_evaluative/SUgNnTDt3j5Rf5GqLoVgnq/kitchen-complete-v0_f268624ceab646eea34e6d9950ccde9e.mp4,2147,f268624ceab646eea34e6d9950ccde9e,2247,evaluative,,{'1': {'0': 3}},1,admin
190,f331874bc92542648f1fdcb6f571bef4,SUgNnTDt3j5Rf5GqLoVgnq,2024-09-02 15:00:19,1,0,@/assets/video/SUgNnTDt3j5Rf5GqLoVgnq_kitchen-complete-v0_offline_evaluative/SUgNnTDt3j5Rf5GqLoVgnq/kitchen-complete-v0_f331874bc92542648f1fdcb6f571bef4.mp4,198,f331874bc92542648f1fdcb6f571bef4,298,evaluative,,{'1': {'0': 2}},1,admin
191,f507f850393945098b5785b0f283ba0a,SUgNnTDt3j5Rf5GqLoVgnq,2024-09-02 15:00:34,1,0,@/assets/video/SUgNnTDt3j5Rf5GqLoVgnq_kitchen-complete-v0_offline_evaluative/SUgNnTDt3j5Rf5GqLoVgnq/kitchen-complete-v0_f507f850393945098b5785b0f283ba0a.mp4,788,f507f850393945098b5785b0f283ba0a,888,evaluative,,{'1': {'0': 2}},1,admin
192,f61052885bca4bb39109b7824b1db717,SUgNnTDt3j5Rf5GqLoVgnq,2024-09-02 15:00:40,1,0,@/assets/video/SUgNnTDt3j5Rf5GqLoVgnq_kitchen-complete-v0_offline_evaluative/SUgNnTDt3j5Rf5GqLoVgnq/kitchen-complete-v0_f61052885bca4bb39109b7824b1db717.mp4,1750,f61052885bca4bb39109b7824b1db717,1850,evaluative,,{'1': {'0': 3}},1,admin
193,f763a9fc60284cd883bd0e0113ce6bac,SUgNnTDt3j5Rf5GqLoVgnq,2024-09-02 15:00:47,1,0,@/assets/video/SUgNnTDt3j5Rf5GqLoVgnq_kitchen-complete-v0_offline_evaluative/SUgNnTDt3j5Rf5GqLoVgnq/kitchen-complete-v0_f763a9fc60284cd883bd0e0113ce6bac.mp4,1593,f763a9fc60284cd883bd0e0113ce6bac,1693,evaluative,,{'1': {'0': 2}},1,admin
194,f97c46ca91c4479d83b85bd4cb4b8c51,SUgNnTDt3j5Rf5GqLoVgnq,2024-09-02 15:00:55,1,0,@/assets/video/SUgNnTDt3j5Rf5GqLoVgnq_kitchen-complete-v0_offline_evaluative/SUgNnTDt3j5Rf5GqLoVgnq/kitchen-complete-v0_f97c46ca91c4479d83b85bd4cb4b8c51.mp4,2125,f97c46ca91c4479d83b85bd4cb4b8c51,2225,evaluative,,{'1': {'0': 2}},1,admin
195,faea67d60c984a899497529a2542afa7,SUgNnTDt3j5Rf5GqLoVgnq,2024-09-02 15:01:02,1,0,@/assets/video/SUgNnTDt3j5Rf5GqLoVgnq_kitchen-complete-v0_offline_evaluative/SUgNnTDt3j5Rf5GqLoVgnq/kitchen-complete-v0_faea67d60c984a899497529a2542afa7.mp4,2339,faea67d60c984a899497529a2542afa7,2439,evaluative,,{'1': {'0': 3}},1,admin
196,fb20be0169a949648a863799237d99be,SUgNnTDt3j5Rf5GqLoVgnq,2024-09-02 15:01:09,1,0,@/assets/video/SUgNnTDt3j5Rf5GqLoVgnq_kitchen-complete-v0_offline_evaluative/SUgNnTDt3j5Rf5GqLoVgnq/kitchen-complete-v0_fb20be0169a949648a863799237d99be.mp4,1955,fb20be0169a949648a863799237d99be,2055,evaluative,,{'1': {'0': 3}},1,admin
197,fbd0ab8514d044deb7e20e3d2caa856f,SUgNnTDt3j5Rf5GqLoVgnq,2024-09-02 15:01:17,1,0,@/assets/video/SUgNnTDt3j5Rf5GqLoVgnq_kitchen-complete-v0_offline_evaluative/SUgNnTDt3j5Rf5GqLoVgnq/kitchen-complete-v0_fbd0ab8514d044deb7e20e3d2caa856f.mp4,1032,fbd0ab8514d044deb7e20e3d2caa856f,1132,evaluative,,{'1': {'0': 3}},1,admin
198,fcdad449b06546d59cda461ebed5bf4c,SUgNnTDt3j5Rf5GqLoVgnq,2024-09-02 15:01:29,1,0,@/assets/video/SUgNnTDt3j5Rf5GqLoVgnq_kitchen-complete-v0_offline_evaluative/SUgNnTDt3j5Rf5GqLoVgnq/kitchen-complete-v0_fcdad449b06546d59cda461ebed5bf4c.mp4,2742,fcdad449b06546d59cda461ebed5bf4c,2842,evaluative,,{'1': {'0': 2}},1,admin
199,ff09986a88b04fb7a2e39de915057668,SUgNnTDt3j5Rf5GqLoVgnq,2024-09-02 15:01:36,1,0,@/assets/video/SUgNnTDt3j5Rf5GqLoVgnq_kitchen-complete-v0_offline_evaluative/SUgNnTDt3j5Rf5GqLoVgnq/kitchen-complete-v0_ff09986a88b04fb7a2e39de915057668.mp4,965,ff09986a88b04fb7a2e39de915057668,1065,evaluative,,{'1': {'0': 2}},1,admin
200,ff9c6cbfa3c9449b9b107d51e20a500e,SUgNnTDt3j5Rf5GqLoVgnq,2024-09-02 15:01:44,1,0,@/assets/video/SUgNnTDt3j5Rf5GqLoVgnq_kitchen-complete-v0_offline_evaluative/SUgNnTDt3j5Rf5GqLoVgnq/kitchen-complete-v0_ff9c6cbfa3c9449b9b107d51e20a500e.mp4,18,ff9c6cbfa3c9449b9b107d51e20a500e,118,evaluative,,{'1': {'0': 2}},1,admin
