id,query_id,project_id,completion_time,marked_num,skip_num,video_url,start_indices_2,end_indices_2,query_id,start_indices_1,end_indices_1,feedback_type,extra,label,annotator_id,annotator_name
1,00987613f0524f568639ecc241d91a72,TMhnGP4JCFnvNnc8eFtMsc,2024-09-02 12:37:05,1,0,@/assets/video/TMhnGP4JCFnvNnc8eFtMsc_kitchen-complete-v0_offline_comparative/TMhnGP4JCFnvNnc8eFtMsc/kitchen-complete-v0_00987613f0524f568639ecc241d91a72.mp4,1394,1494,00987613f0524f568639ecc241d91a72,1585,1685,comparative,,{'1': {'0': 1}},1,admin
2,00fea7c3ca9642cfb78842fd6a5aa537,TMhnGP4JCFnvNnc8eFtMsc,2024-09-02 12:37:27,1,0,@/assets/video/TMhnGP4JCFnvNnc8eFtMsc_kitchen-complete-v0_offline_comparative/TMhnGP4JCFnvNnc8eFtMsc/kitchen-complete-v0_00fea7c3ca9642cfb78842fd6a5aa537.mp4,1569,1669,00fea7c3ca9642cfb78842fd6a5aa537,1395,1495,comparative,,{'1': {'0': 2}},1,admin
3,02b4a28f808d43629dbeb0d5cd08d013,TMhnGP4JCFnvNnc8eFtMsc,2024-09-02 12:37:46,1,0,@/assets/video/TMhnGP4JCFnvNnc8eFtMsc_kitchen-complete-v0_offline_comparative/TMhnGP4JCFnvNnc8eFtMsc/kitchen-complete-v0_02b4a28f808d43629dbeb0d5cd08d013.mp4,2766,2866,02b4a28f808d43629dbeb0d5cd08d013,250,350,comparative,,{'1': {'0': 2}},1,admin
4,0401b3196a004baeb86aaa40c6c68898,TMhnGP4JCFnvNnc8eFtMsc,2024-09-02 12:38:09,1,0,@/assets/video/TMhnGP4JCFnvNnc8eFtMsc_kitchen-complete-v0_offline_comparative/TMhnGP4JCFnvNnc8eFtMsc/kitchen-complete-v0_0401b3196a004baeb86aaa40c6c68898.mp4,1538,1638,0401b3196a004baeb86aaa40c6c68898,2571,2671,comparative,,{'1': {'0': 1}},1,admin
5,041f835080c84ee4966bdba8545c5c4b,TMhnGP4JCFnvNnc8eFtMsc,2024-09-02 12:38:25,1,0,@/assets/video/TMhnGP4JCFnvNnc8eFtMsc_kitchen-complete-v0_offline_comparative/TMhnGP4JCFnvNnc8eFtMsc/kitchen-complete-v0_041f835080c84ee4966bdba8545c5c4b.mp4,772,872,041f835080c84ee4966bdba8545c5c4b,2568,2668,comparative,,{'1': {'0': 1}},1,admin
6,05c3512cc87a424c81123beb5db80fc8,TMhnGP4JCFnvNnc8eFtMsc,2024-09-02 12:38:38,1,0,@/assets/video/TMhnGP4JCFnvNnc8eFtMsc_kitchen-complete-v0_offline_comparative/TMhnGP4JCFnvNnc8eFtMsc/kitchen-complete-v0_05c3512cc87a424c81123beb5db80fc8.mp4,1957,2057,05c3512cc87a424c81123beb5db80fc8,2375,2475,comparative,,{'1': {'0': 2}},1,admin
7,0a53ac9ad2184f95a93b32f7d82487b7,TMhnGP4JCFnvNnc8eFtMsc,2024-09-02 12:38:49,1,0,@/assets/video/TMhnGP4JCFnvNnc8eFtMsc_kitchen-complete-v0_offline_comparative/TMhnGP4JCFnvNnc8eFtMsc/kitchen-complete-v0_0a53ac9ad2184f95a93b32f7d82487b7.mp4,1808,1908,0a53ac9ad2184f95a93b32f7d82487b7,1752,1852,comparative,,{'1': {'0': 2}},1,admin
8,0b5c2801e08745b5928d8e3e1e0f6bbb,TMhnGP4JCFnvNnc8eFtMsc,2024-09-02 12:39:21,1,0,@/assets/video/TMhnGP4JCFnvNnc8eFtMsc_kitchen-complete-v0_offline_comparative/TMhnGP4JCFnvNnc8eFtMsc/kitchen-complete-v0_0b5c2801e08745b5928d8e3e1e0f6bbb.mp4,2182,2282,0b5c2801e08745b5928d8e3e1e0f6bbb,2142,2242,comparative,,{'1': {'0': 1}},1,admin
9,0eb731f0bd3c46608cf474d6b341fb54,TMhnGP4JCFnvNnc8eFtMsc,2024-09-02 12:39:32,1,0,@/assets/video/TMhnGP4JCFnvNnc8eFtMsc_kitchen-complete-v0_offline_comparative/TMhnGP4JCFnvNnc8eFtMsc/kitchen-complete-v0_0eb731f0bd3c46608cf474d6b341fb54.mp4,3087,3187,0eb731f0bd3c46608cf474d6b341fb54,3299,3399,comparative,,{'1': {'0': 1}},1,admin
10,1064b4f1ae3944c1b0c36dfec3ce4f11,TMhnGP4JCFnvNnc8eFtMsc,2024-09-02 12:39:48,1,0,@/assets/video/TMhnGP4JCFnvNnc8eFtMsc_kitchen-complete-v0_offline_comparative/TMhnGP4JCFnvNnc8eFtMsc/kitchen-complete-v0_1064b4f1ae3944c1b0c36dfec3ce4f11.mp4,3368,3468,1064b4f1ae3944c1b0c36dfec3ce4f11,2372,2472,comparative,,{'1': {'0': 2}},1,admin
11,10bb58311f944defb3eddc7124a7244d,TMhnGP4JCFnvNnc8eFtMsc,2024-09-02 12:39:59,1,0,@/assets/video/TMhnGP4JCFnvNnc8eFtMsc_kitchen-complete-v0_offline_comparative/TMhnGP4JCFnvNnc8eFtMsc/kitchen-complete-v0_10bb58311f944defb3eddc7124a7244d.mp4,1403,1503,10bb58311f944defb3eddc7124a7244d,2718,2818,comparative,,{'1': {'0': 1}},1,admin
12,125fdc07a89f458b8a07f3491c992c65,TMhnGP4JCFnvNnc8eFtMsc,2024-09-02 12:40:18,1,0,@/assets/video/TMhnGP4JCFnvNnc8eFtMsc_kitchen-complete-v0_offline_comparative/TMhnGP4JCFnvNnc8eFtMsc/kitchen-complete-v0_125fdc07a89f458b8a07f3491c992c65.mp4,379,479,125fdc07a89f458b8a07f3491c992c65,643,743,comparative,,{'1': {'0': 0}},1,admin
13,13c7a00fcbb749cfb30fb9d6ab77cb0e,TMhnGP4JCFnvNnc8eFtMsc,2024-09-02 12:40:35,1,0,@/assets/video/TMhnGP4JCFnvNnc8eFtMsc_kitchen-complete-v0_offline_comparative/TMhnGP4JCFnvNnc8eFtMsc/kitchen-complete-v0_13c7a00fcbb749cfb30fb9d6ab77cb0e.mp4,2896,2996,13c7a00fcbb749cfb30fb9d6ab77cb0e,2587,2687,comparative,,{'1': {'0': 0}},1,admin
14,14a5f06a90e642c1ab3e4b63217287b8,TMhnGP4JCFnvNnc8eFtMsc,2024-09-02 12:40:52,1,0,@/assets/video/TMhnGP4JCFnvNnc8eFtMsc_kitchen-complete-v0_offline_comparative/TMhnGP4JCFnvNnc8eFtMsc/kitchen-complete-v0_14a5f06a90e642c1ab3e4b63217287b8.mp4,1606,1706,14a5f06a90e642c1ab3e4b63217287b8,2708,2808,comparative,,{'1': {'0': 2}},1,admin
15,161cc490470548539630eb88681f1a2e,TMhnGP4JCFnvNnc8eFtMsc,2024-09-02 12:41:03,1,0,@/assets/video/TMhnGP4JCFnvNnc8eFtMsc_kitchen-complete-v0_offline_comparative/TMhnGP4JCFnvNnc8eFtMsc/kitchen-complete-v0_161cc490470548539630eb88681f1a2e.mp4,439,539,161cc490470548539630eb88681f1a2e,1236,1336,comparative,,{'1': {'0': 0}},1,admin
16,167f7f571b4746c3b6b854e3b7f5085e,TMhnGP4JCFnvNnc8eFtMsc,2024-09-02 12:41:16,1,0,@/assets/video/TMhnGP4JCFnvNnc8eFtMsc_kitchen-complete-v0_offline_comparative/TMhnGP4JCFnvNnc8eFtMsc/kitchen-complete-v0_167f7f571b4746c3b6b854e3b7f5085e.mp4,759,859,167f7f571b4746c3b6b854e3b7f5085e,2535,2635,comparative,,{'1': {'0': 0}},1,admin
17,1734b4d4bead4332a8ef4303b6a19804,TMhnGP4JCFnvNnc8eFtMsc,2024-09-02 12:41:33,1,0,@/assets/video/TMhnGP4JCFnvNnc8eFtMsc_kitchen-complete-v0_offline_comparative/TMhnGP4JCFnvNnc8eFtMsc/kitchen-complete-v0_1734b4d4bead4332a8ef4303b6a19804.mp4,802,902,1734b4d4bead4332a8ef4303b6a19804,369,469,comparative,,{'1': {'0': 1}},1,admin
18,18cb9883cdc74022b4672d372281b4d4,TMhnGP4JCFnvNnc8eFtMsc,2024-09-02 12:42:32,1,0,@/assets/video/TMhnGP4JCFnvNnc8eFtMsc_kitchen-complete-v0_offline_comparative/TMhnGP4JCFnvNnc8eFtMsc/kitchen-complete-v0_18cb9883cdc74022b4672d372281b4d4.mp4,2175,2275,18cb9883cdc74022b4672d372281b4d4,983,1083,comparative,,{'1': {'0': 1}},1,admin
19,1ae1cd65e3ec45c1b154325e2cf278f9,TMhnGP4JCFnvNnc8eFtMsc,2024-09-02 12:42:44,1,0,@/assets/video/TMhnGP4JCFnvNnc8eFtMsc_kitchen-complete-v0_offline_comparative/TMhnGP4JCFnvNnc8eFtMsc/kitchen-complete-v0_1ae1cd65e3ec45c1b154325e2cf278f9.mp4,2174,2274,1ae1cd65e3ec45c1b154325e2cf278f9,765,865,comparative,,{'1': {'0': 1}},1,admin
20,1bb3037924684ca89804fd379c664c80,TMhnGP4JCFnvNnc8eFtMsc,2024-09-02 12:43:00,1,0,@/assets/video/TMhnGP4JCFnvNnc8eFtMsc_kitchen-complete-v0_offline_comparative/TMhnGP4JCFnvNnc8eFtMsc/kitchen-complete-v0_1bb3037924684ca89804fd379c664c80.mp4,567,667,1bb3037924684ca89804fd379c664c80,3318,3418,comparative,,{'1': {'0': 0}},1,admin
21,1e2f824e54ff46c5be24b1ea8866b461,TMhnGP4JCFnvNnc8eFtMsc,2024-09-02 12:43:36,1,0,@/assets/video/TMhnGP4JCFnvNnc8eFtMsc_kitchen-complete-v0_offline_comparative/TMhnGP4JCFnvNnc8eFtMsc/kitchen-complete-v0_1e2f824e54ff46c5be24b1ea8866b461.mp4,3356,3456,1e2f824e54ff46c5be24b1ea8866b461,2507,2607,comparative,,{'1': {'0': 2}},1,admin
22,1e5bfc227e2349c6a58826955aea538f,TMhnGP4JCFnvNnc8eFtMsc,2024-09-02 12:43:48,1,0,@/assets/video/TMhnGP4JCFnvNnc8eFtMsc_kitchen-complete-v0_offline_comparative/TMhnGP4JCFnvNnc8eFtMsc/kitchen-complete-v0_1e5bfc227e2349c6a58826955aea538f.mp4,73,173,1e5bfc227e2349c6a58826955aea538f,649,749,comparative,,{'1': {'0': 1}},1,admin
23,1ee92a47384e47b8b488e6fbf90ac2a9,TMhnGP4JCFnvNnc8eFtMsc,2024-09-02 12:44:00,1,0,@/assets/video/TMhnGP4JCFnvNnc8eFtMsc_kitchen-complete-v0_offline_comparative/TMhnGP4JCFnvNnc8eFtMsc/kitchen-complete-v0_1ee92a47384e47b8b488e6fbf90ac2a9.mp4,2179,2279,1ee92a47384e47b8b488e6fbf90ac2a9,2884,2984,comparative,,{'1': {'0': 2}},1,admin
24,1eeb1843590e4dcab53f68d153a19786,TMhnGP4JCFnvNnc8eFtMsc,2024-09-02 12:44:16,1,0,@/assets/video/TMhnGP4JCFnvNnc8eFtMsc_kitchen-complete-v0_offline_comparative/TMhnGP4JCFnvNnc8eFtMsc/kitchen-complete-v0_1eeb1843590e4dcab53f68d153a19786.mp4,1972,2072,1eeb1843590e4dcab53f68d153a19786,3099,3199,comparative,,{'1': {'0': 1}},1,admin
25,1fd854a1beec432299dd82966f225db0,TMhnGP4JCFnvNnc8eFtMsc,2024-09-02 12:44:32,1,0,@/assets/video/TMhnGP4JCFnvNnc8eFtMsc_kitchen-complete-v0_offline_comparative/TMhnGP4JCFnvNnc8eFtMsc/kitchen-complete-v0_1fd854a1beec432299dd82966f225db0.mp4,2148,2248,1fd854a1beec432299dd82966f225db0,634,734,comparative,,{'1': {'0': 2}},1,admin
26,20dee708a5a2446482fcb8cca7cbe789,TMhnGP4JCFnvNnc8eFtMsc,2024-09-02 12:44:44,1,0,@/assets/video/TMhnGP4JCFnvNnc8eFtMsc_kitchen-complete-v0_offline_comparative/TMhnGP4JCFnvNnc8eFtMsc/kitchen-complete-v0_20dee708a5a2446482fcb8cca7cbe789.mp4,1365,1465,20dee708a5a2446482fcb8cca7cbe789,1006,1106,comparative,,{'1': {'0': 0}},1,admin
27,2169cde19b0840d78950b4b60ef5342c,TMhnGP4JCFnvNnc8eFtMsc,2024-09-02 12:44:55,1,0,@/assets/video/TMhnGP4JCFnvNnc8eFtMsc_kitchen-complete-v0_offline_comparative/TMhnGP4JCFnvNnc8eFtMsc/kitchen-complete-v0_2169cde19b0840d78950b4b60ef5342c.mp4,2122,2222,2169cde19b0840d78950b4b60ef5342c,990,1090,comparative,,{'1': {'0': 0}},1,admin
28,21a4c2b912cb44f18cfd480b3c792f1d,TMhnGP4JCFnvNnc8eFtMsc,2024-09-02 12:45:30,1,0,@/assets/video/TMhnGP4JCFnvNnc8eFtMsc_kitchen-complete-v0_offline_comparative/TMhnGP4JCFnvNnc8eFtMsc/kitchen-complete-v0_21a4c2b912cb44f18cfd480b3c792f1d.mp4,607,707,21a4c2b912cb44f18cfd480b3c792f1d,849,949,comparative,,{'1': {'0': 1}},1,admin
29,22592c3c7dab4d0c95e87bd5836e03a3,TMhnGP4JCFnvNnc8eFtMsc,2024-09-02 12:45:46,1,0,@/assets/video/TMhnGP4JCFnvNnc8eFtMsc_kitchen-complete-v0_offline_comparative/TMhnGP4JCFnvNnc8eFtMsc/kitchen-complete-v0_22592c3c7dab4d0c95e87bd5836e03a3.mp4,2912,3012,22592c3c7dab4d0c95e87bd5836e03a3,3361,3461,comparative,,{'1': {'0': 0}},1,admin
30,227bc09d9c404314b94b0ab7f0126ac1,TMhnGP4JCFnvNnc8eFtMsc,2024-09-02 12:45:58,1,0,@/assets/video/TMhnGP4JCFnvNnc8eFtMsc_kitchen-complete-v0_offline_comparative/TMhnGP4JCFnvNnc8eFtMsc/kitchen-complete-v0_227bc09d9c404314b94b0ab7f0126ac1.mp4,1988,2088,227bc09d9c404314b94b0ab7f0126ac1,446,546,comparative,,{'1': {'0': 0}},1,admin
31,22986938299648f4893d528e87478129,TMhnGP4JCFnvNnc8eFtMsc,2024-09-02 12:46:12,1,0,@/assets/video/TMhnGP4JCFnvNnc8eFtMsc_kitchen-complete-v0_offline_comparative/TMhnGP4JCFnvNnc8eFtMsc/kitchen-complete-v0_22986938299648f4893d528e87478129.mp4,2958,3058,22986938299648f4893d528e87478129,2743,2843,comparative,,{'1': {'0': 2}},1,admin
32,23281d164a1141d981d222172f2f2717,TMhnGP4JCFnvNnc8eFtMsc,2024-09-02 12:46:24,1,0,@/assets/video/TMhnGP4JCFnvNnc8eFtMsc_kitchen-complete-v0_offline_comparative/TMhnGP4JCFnvNnc8eFtMsc/kitchen-complete-v0_23281d164a1141d981d222172f2f2717.mp4,615,715,23281d164a1141d981d222172f2f2717,252,352,comparative,,{'1': {'0': 0}},1,admin
33,2600511b73ea4da7852fb636ea898323,TMhnGP4JCFnvNnc8eFtMsc,2024-09-02 12:46:50,1,0,@/assets/video/TMhnGP4JCFnvNnc8eFtMsc_kitchen-complete-v0_offline_comparative/TMhnGP4JCFnvNnc8eFtMsc/kitchen-complete-v0_2600511b73ea4da7852fb636ea898323.mp4,2556,2656,2600511b73ea4da7852fb636ea898323,1943,2043,comparative,,{'1': {'0': 0}},1,admin
34,273e42d997d74040bcbdd05400b96a9a,TMhnGP4JCFnvNnc8eFtMsc,2024-09-02 12:47:10,1,0,@/assets/video/TMhnGP4JCFnvNnc8eFtMsc_kitchen-complete-v0_offline_comparative/TMhnGP4JCFnvNnc8eFtMsc/kitchen-complete-v0_273e42d997d74040bcbdd05400b96a9a.mp4,2960,3060,273e42d997d74040bcbdd05400b96a9a,197,297,comparative,,{'1': {'0': 2}},1,admin
35,2791075d4bcc4680a585ba05de60a164,TMhnGP4JCFnvNnc8eFtMsc,2024-09-02 12:47:23,1,0,@/assets/video/TMhnGP4JCFnvNnc8eFtMsc_kitchen-complete-v0_offline_comparative/TMhnGP4JCFnvNnc8eFtMsc/kitchen-complete-v0_2791075d4bcc4680a585ba05de60a164.mp4,415,515,2791075d4bcc4680a585ba05de60a164,1750,1850,comparative,,{'1': {'0': 2}},1,admin
36,2b61656f7f4d40f1807e852d27c7d8df,TMhnGP4JCFnvNnc8eFtMsc,2024-09-02 12:47:42,1,0,@/assets/video/TMhnGP4JCFnvNnc8eFtMsc_kitchen-complete-v0_offline_comparative/TMhnGP4JCFnvNnc8eFtMsc/kitchen-complete-v0_2b61656f7f4d40f1807e852d27c7d8df.mp4,2350,2450,2b61656f7f4d40f1807e852d27c7d8df,39,139,comparative,,{'1': {'0': 0}},1,admin
37,2bb56a648b6b4af9bc24b0a7220080bb,TMhnGP4JCFnvNnc8eFtMsc,2024-09-02 12:47:53,1,0,@/assets/video/TMhnGP4JCFnvNnc8eFtMsc_kitchen-complete-v0_offline_comparative/TMhnGP4JCFnvNnc8eFtMsc/kitchen-complete-v0_2bb56a648b6b4af9bc24b0a7220080bb.mp4,2111,2211,2bb56a648b6b4af9bc24b0a7220080bb,3360,3460,comparative,,{'1': {'0': 2}},1,admin
38,2c88f67bc1d54038b0a75660e1621bec,TMhnGP4JCFnvNnc8eFtMsc,2024-09-02 12:48:02,1,0,@/assets/video/TMhnGP4JCFnvNnc8eFtMsc_kitchen-complete-v0_offline_comparative/TMhnGP4JCFnvNnc8eFtMsc/kitchen-complete-v0_2c88f67bc1d54038b0a75660e1621bec.mp4,2376,2476,2c88f67bc1d54038b0a75660e1621bec,2953,3053,comparative,,{'1': {'0': 1}},1,admin
39,2e3d7eee4dbb4d83966b72c06c825817,TMhnGP4JCFnvNnc8eFtMsc,2024-09-02 12:48:14,1,0,@/assets/video/TMhnGP4JCFnvNnc8eFtMsc_kitchen-complete-v0_offline_comparative/TMhnGP4JCFnvNnc8eFtMsc/kitchen-complete-v0_2e3d7eee4dbb4d83966b72c06c825817.mp4,3314,3414,2e3d7eee4dbb4d83966b72c06c825817,596,696,comparative,,{'1': {'0': 1}},1,admin
40,2ea131f588194263b4fcc2657984c8f7,TMhnGP4JCFnvNnc8eFtMsc,2024-09-02 12:48:26,1,0,@/assets/video/TMhnGP4JCFnvNnc8eFtMsc_kitchen-complete-v0_offline_comparative/TMhnGP4JCFnvNnc8eFtMsc/kitchen-complete-v0_2ea131f588194263b4fcc2657984c8f7.mp4,2524,2624,2ea131f588194263b4fcc2657984c8f7,794,894,comparative,,{'1': {'0': 1}},1,admin
41,2eab21e144304998b6ad0853e80a8a74,TMhnGP4JCFnvNnc8eFtMsc,2024-09-02 12:48:42,1,0,@/assets/video/TMhnGP4JCFnvNnc8eFtMsc_kitchen-complete-v0_offline_comparative/TMhnGP4JCFnvNnc8eFtMsc/kitchen-complete-v0_2eab21e144304998b6ad0853e80a8a74.mp4,1744,1844,2eab21e144304998b6ad0853e80a8a74,14,114,comparative,,{'1': {'0': 2}},1,admin
42,2ed534fe46044a60a21ae076b4422a7d,TMhnGP4JCFnvNnc8eFtMsc,2024-09-02 12:48:53,1,0,@/assets/video/TMhnGP4JCFnvNnc8eFtMsc_kitchen-complete-v0_offline_comparative/TMhnGP4JCFnvNnc8eFtMsc/kitchen-complete-v0_2ed534fe46044a60a21ae076b4422a7d.mp4,2202,2302,2ed534fe46044a60a21ae076b4422a7d,1776,1876,comparative,,{'1': {'0': 2}},1,admin
43,2ff0b22341784a9280e87c97770f20d7,TMhnGP4JCFnvNnc8eFtMsc,2024-09-02 12:49:01,1,0,@/assets/video/TMhnGP4JCFnvNnc8eFtMsc_kitchen-complete-v0_offline_comparative/TMhnGP4JCFnvNnc8eFtMsc/kitchen-complete-v0_2ff0b22341784a9280e87c97770f20d7.mp4,2585,2685,2ff0b22341784a9280e87c97770f20d7,83,183,comparative,,{'1': {'0': 1}},1,admin
44,30304ebec55c463b8a20c569208dc630,TMhnGP4JCFnvNnc8eFtMsc,2024-09-02 12:49:12,1,0,@/assets/video/TMhnGP4JCFnvNnc8eFtMsc_kitchen-complete-v0_offline_comparative/TMhnGP4JCFnvNnc8eFtMsc/kitchen-complete-v0_30304ebec55c463b8a20c569208dc630.mp4,3099,3199,30304ebec55c463b8a20c569208dc630,1232,1332,comparative,,{'1': {'0': 0}},1,admin
45,311ee675368147658b737bebd2db3be4,TMhnGP4JCFnvNnc8eFtMsc,2024-09-02 12:49:29,1,0,@/assets/video/TMhnGP4JCFnvNnc8eFtMsc_kitchen-complete-v0_offline_comparative/TMhnGP4JCFnvNnc8eFtMsc/kitchen-complete-v0_311ee675368147658b737bebd2db3be4.mp4,2357,2457,311ee675368147658b737bebd2db3be4,3366,3466,comparative,,{'1': {'0': 0}},1,admin
46,338a2a25763c48a9b2d97bf87ceb61b6,TMhnGP4JCFnvNnc8eFtMsc,2024-09-02 12:49:40,1,0,@/assets/video/TMhnGP4JCFnvNnc8eFtMsc_kitchen-complete-v0_offline_comparative/TMhnGP4JCFnvNnc8eFtMsc/kitchen-complete-v0_338a2a25763c48a9b2d97bf87ceb61b6.mp4,221,321,338a2a25763c48a9b2d97bf87ceb61b6,653,753,comparative,,{'1': {'0': 1}},1,admin
47,338c311e48eb4a8da4d6855eba4c44a5,TMhnGP4JCFnvNnc8eFtMsc,2024-09-02 12:49:55,1,0,@/assets/video/TMhnGP4JCFnvNnc8eFtMsc_kitchen-complete-v0_offline_comparative/TMhnGP4JCFnvNnc8eFtMsc/kitchen-complete-v0_338c311e48eb4a8da4d6855eba4c44a5.mp4,800,900,338c311e48eb4a8da4d6855eba4c44a5,3302,3402,comparative,,{'1': {'0': 2}},1,admin
48,3421f987e9a64e19bff8cd45b5b71c25,TMhnGP4JCFnvNnc8eFtMsc,2024-09-02 12:50:20,1,0,@/assets/video/TMhnGP4JCFnvNnc8eFtMsc_kitchen-complete-v0_offline_comparative/TMhnGP4JCFnvNnc8eFtMsc/kitchen-complete-v0_3421f987e9a64e19bff8cd45b5b71c25.mp4,2946,3046,3421f987e9a64e19bff8cd45b5b71c25,1958,2058,comparative,,{'1': {'0': 1}},1,admin
49,37208b0e98304c7fbdfdfe2b57de8aa5,TMhnGP4JCFnvNnc8eFtMsc,2024-09-02 12:50:31,1,0,@/assets/video/TMhnGP4JCFnvNnc8eFtMsc_kitchen-complete-v0_offline_comparative/TMhnGP4JCFnvNnc8eFtMsc/kitchen-complete-v0_37208b0e98304c7fbdfdfe2b57de8aa5.mp4,2765,2865,37208b0e98304c7fbdfdfe2b57de8aa5,3352,3452,comparative,,{'1': {'0': 2}},1,admin
50,37b21cfffe3b419fa4cac68a42000a97,TMhnGP4JCFnvNnc8eFtMsc,2024-09-02 12:50:54,1,0,@/assets/video/TMhnGP4JCFnvNnc8eFtMsc_kitchen-complete-v0_offline_comparative/TMhnGP4JCFnvNnc8eFtMsc/kitchen-complete-v0_37b21cfffe3b419fa4cac68a42000a97.mp4,1748,1848,37b21cfffe3b419fa4cac68a42000a97,807,907,comparative,,{'1': {'0': 1}},1,admin
51,398201c43fd74fcf9d4897b80609a507,TMhnGP4JCFnvNnc8eFtMsc,2024-09-02 12:51:14,1,0,@/assets/video/TMhnGP4JCFnvNnc8eFtMsc_kitchen-complete-v0_offline_comparative/TMhnGP4JCFnvNnc8eFtMsc/kitchen-complete-v0_398201c43fd74fcf9d4897b80609a507.mp4,2182,2282,398201c43fd74fcf9d4897b80609a507,568,668,comparative,,{'1': {'0': 2}},1,admin
52,3b1b8dc79e8244ec9bfc971c3bfd6fde,TMhnGP4JCFnvNnc8eFtMsc,2024-09-02 12:51:32,1,0,@/assets/video/TMhnGP4JCFnvNnc8eFtMsc_kitchen-complete-v0_offline_comparative/TMhnGP4JCFnvNnc8eFtMsc/kitchen-complete-v0_3b1b8dc79e8244ec9bfc971c3bfd6fde.mp4,1604,1704,3b1b8dc79e8244ec9bfc971c3bfd6fde,2318,2418,comparative,,{'1': {'0': 1}},1,admin
53,40dc74185abf4f3e87254ae95ee3594f,TMhnGP4JCFnvNnc8eFtMsc,2024-09-02 12:51:47,1,0,@/assets/video/TMhnGP4JCFnvNnc8eFtMsc_kitchen-complete-v0_offline_comparative/TMhnGP4JCFnvNnc8eFtMsc/kitchen-complete-v0_40dc74185abf4f3e87254ae95ee3594f.mp4,772,872,40dc74185abf4f3e87254ae95ee3594f,1950,2050,comparative,,{'1': {'0': 0}},1,admin
54,41c7ddeb79224574a4d9b269db7ca3d5,TMhnGP4JCFnvNnc8eFtMsc,2024-09-02 12:51:58,1,0,@/assets/video/TMhnGP4JCFnvNnc8eFtMsc_kitchen-complete-v0_offline_comparative/TMhnGP4JCFnvNnc8eFtMsc/kitchen-complete-v0_41c7ddeb79224574a4d9b269db7ca3d5.mp4,3123,3223,41c7ddeb79224574a4d9b269db7ca3d5,458,558,comparative,,{'1': {'0': 0}},1,admin
55,45573a72440e4a479016407d26bcf567,TMhnGP4JCFnvNnc8eFtMsc,2024-09-02 12:52:18,1,0,@/assets/video/TMhnGP4JCFnvNnc8eFtMsc_kitchen-complete-v0_offline_comparative/TMhnGP4JCFnvNnc8eFtMsc/kitchen-complete-v0_45573a72440e4a479016407d26bcf567.mp4,3298,3398,45573a72440e4a479016407d26bcf567,3167,3267,comparative,,{'1': {'0': 0}},1,admin
56,46b53bf54da34e80934a1e9dee31856c,TMhnGP4JCFnvNnc8eFtMsc,2024-09-02 12:52:29,1,0,@/assets/video/TMhnGP4JCFnvNnc8eFtMsc_kitchen-complete-v0_offline_comparative/TMhnGP4JCFnvNnc8eFtMsc/kitchen-complete-v0_46b53bf54da34e80934a1e9dee31856c.mp4,3291,3391,46b53bf54da34e80934a1e9dee31856c,1409,1509,comparative,,{'1': {'0': 1}},1,admin
57,4859930a5e9e4bfd827dc9f645f7b5d1,TMhnGP4JCFnvNnc8eFtMsc,2024-09-02 12:52:44,1,0,@/assets/video/TMhnGP4JCFnvNnc8eFtMsc_kitchen-complete-v0_offline_comparative/TMhnGP4JCFnvNnc8eFtMsc/kitchen-complete-v0_4859930a5e9e4bfd827dc9f645f7b5d1.mp4,2762,2862,4859930a5e9e4bfd827dc9f645f7b5d1,1956,2056,comparative,,{'1': {'0': 2}},1,admin
58,487720826df4461896429cb1e5c4279f,TMhnGP4JCFnvNnc8eFtMsc,2024-09-02 12:52:58,1,0,@/assets/video/TMhnGP4JCFnvNnc8eFtMsc_kitchen-complete-v0_offline_comparative/TMhnGP4JCFnvNnc8eFtMsc/kitchen-complete-v0_487720826df4461896429cb1e5c4279f.mp4,3373,3473,487720826df4461896429cb1e5c4279f,1735,1835,comparative,,{'1': {'0': 2}},1,admin
59,499dfbfad4fd4c7f944f3204718b0390,TMhnGP4JCFnvNnc8eFtMsc,2024-09-02 12:53:09,1,0,@/assets/video/TMhnGP4JCFnvNnc8eFtMsc_kitchen-complete-v0_offline_comparative/TMhnGP4JCFnvNnc8eFtMsc/kitchen-complete-v0_499dfbfad4fd4c7f944f3204718b0390.mp4,3163,3263,499dfbfad4fd4c7f944f3204718b0390,1040,1140,comparative,,{'1': {'0': 1}},1,admin
60,4a231a33507841929dff6ab3aba4410f,TMhnGP4JCFnvNnc8eFtMsc,2024-09-02 12:53:22,1,0,@/assets/video/TMhnGP4JCFnvNnc8eFtMsc_kitchen-complete-v0_offline_comparative/TMhnGP4JCFnvNnc8eFtMsc/kitchen-complete-v0_4a231a33507841929dff6ab3aba4410f.mp4,1010,1110,4a231a33507841929dff6ab3aba4410f,1804,1904,comparative,,{'1': {'0': 1}},1,admin
61,4ca0fcce72d244ca9dee0bf0055a3c04,TMhnGP4JCFnvNnc8eFtMsc,2024-09-02 12:53:32,1,0,@/assets/video/TMhnGP4JCFnvNnc8eFtMsc_kitchen-complete-v0_offline_comparative/TMhnGP4JCFnvNnc8eFtMsc/kitchen-complete-v0_4ca0fcce72d244ca9dee0bf0055a3c04.mp4,1999,2099,4ca0fcce72d244ca9dee0bf0055a3c04,2692,2792,comparative,,{'1': {'0': 2}},1,admin
62,4ee0391c7fd2465495c09751f1c5d9e2,TMhnGP4JCFnvNnc8eFtMsc,2024-09-02 12:53:48,1,0,@/assets/video/TMhnGP4JCFnvNnc8eFtMsc_kitchen-complete-v0_offline_comparative/TMhnGP4JCFnvNnc8eFtMsc/kitchen-complete-v0_4ee0391c7fd2465495c09751f1c5d9e2.mp4,373,473,4ee0391c7fd2465495c09751f1c5d9e2,243,343,comparative,,{'1': {'0': 1}},1,admin
63,4fab138c34d047ba8bf444f8742fe730,TMhnGP4JCFnvNnc8eFtMsc,2024-09-02 12:54:11,1,0,@/assets/video/TMhnGP4JCFnvNnc8eFtMsc_kitchen-complete-v0_offline_comparative/TMhnGP4JCFnvNnc8eFtMsc/kitchen-complete-v0_4fab138c34d047ba8bf444f8742fe730.mp4,582,682,4fab138c34d047ba8bf444f8742fe730,2354,2454,comparative,,{'1': {'0': 0}},1,admin
64,542c83db725e46ad83bd6f63c3893a51,TMhnGP4JCFnvNnc8eFtMsc,2024-09-02 12:54:21,1,0,@/assets/video/TMhnGP4JCFnvNnc8eFtMsc_kitchen-complete-v0_offline_comparative/TMhnGP4JCFnvNnc8eFtMsc/kitchen-complete-v0_542c83db725e46ad83bd6f63c3893a51.mp4,1946,2046,542c83db725e46ad83bd6f63c3893a51,246,346,comparative,,{'1': {'0': 2}},1,admin
65,549740eaf08944e1b202689854330edf,TMhnGP4JCFnvNnc8eFtMsc,2024-09-02 12:54:32,1,0,@/assets/video/TMhnGP4JCFnvNnc8eFtMsc_kitchen-complete-v0_offline_comparative/TMhnGP4JCFnvNnc8eFtMsc/kitchen-complete-v0_549740eaf08944e1b202689854330edf.mp4,757,857,549740eaf08944e1b202689854330edf,1378,1478,comparative,,{'1': {'0': 0}},1,admin
66,54e6b67b35f34c848d255a6d851a0489,TMhnGP4JCFnvNnc8eFtMsc,2024-09-02 12:55:08,1,0,@/assets/video/TMhnGP4JCFnvNnc8eFtMsc_kitchen-complete-v0_offline_comparative/TMhnGP4JCFnvNnc8eFtMsc/kitchen-complete-v0_54e6b67b35f34c848d255a6d851a0489.mp4,2161,2261,54e6b67b35f34c848d255a6d851a0489,1353,1453,comparative,,{'1': {'0': 1}},1,admin
67,54e9585b8a92439cbffa8919869f16f4,TMhnGP4JCFnvNnc8eFtMsc,2024-09-02 12:55:19,1,0,@/assets/video/TMhnGP4JCFnvNnc8eFtMsc_kitchen-complete-v0_offline_comparative/TMhnGP4JCFnvNnc8eFtMsc/kitchen-complete-v0_54e9585b8a92439cbffa8919869f16f4.mp4,1803,1903,54e9585b8a92439cbffa8919869f16f4,63,163,comparative,,{'1': {'0': 2}},1,admin
68,5689a061f1394efb90f403ee2a42a26e,TMhnGP4JCFnvNnc8eFtMsc,2024-09-02 12:55:29,1,0,@/assets/video/TMhnGP4JCFnvNnc8eFtMsc_kitchen-complete-v0_offline_comparative/TMhnGP4JCFnvNnc8eFtMsc/kitchen-complete-v0_5689a061f1394efb90f403ee2a42a26e.mp4,1340,1440,5689a061f1394efb90f403ee2a42a26e,1539,1639,comparative,,{'1': {'0': 1}},1,admin
69,583ed5c154c54236baebe6c2f0b7182d,TMhnGP4JCFnvNnc8eFtMsc,2024-09-02 12:55:43,1,0,@/assets/video/TMhnGP4JCFnvNnc8eFtMsc_kitchen-complete-v0_offline_comparative/TMhnGP4JCFnvNnc8eFtMsc/kitchen-complete-v0_583ed5c154c54236baebe6c2f0b7182d.mp4,2952,3052,583ed5c154c54236baebe6c2f0b7182d,1192,1292,comparative,,{'1': {'0': 0}},1,admin
70,584fe37f535940639d01164dd5e91d55,TMhnGP4JCFnvNnc8eFtMsc,2024-09-02 12:56:03,1,0,@/assets/video/TMhnGP4JCFnvNnc8eFtMsc_kitchen-complete-v0_offline_comparative/TMhnGP4JCFnvNnc8eFtMsc/kitchen-complete-v0_584fe37f535940639d01164dd5e91d55.mp4,3158,3258,584fe37f535940639d01164dd5e91d55,1754,1854,comparative,,{'1': {'0': 0}},1,admin
71,5953428bbea34b05b7227f3868ff486b,TMhnGP4JCFnvNnc8eFtMsc,2024-09-02 12:56:19,1,0,@/assets/video/TMhnGP4JCFnvNnc8eFtMsc_kitchen-complete-v0_offline_comparative/TMhnGP4JCFnvNnc8eFtMsc/kitchen-complete-v0_5953428bbea34b05b7227f3868ff486b.mp4,1544,1644,5953428bbea34b05b7227f3868ff486b,390,490,comparative,,{'1': {'0': 1}},1,admin
72,5a621f76e4584a80ac9eb89778447cf6,TMhnGP4JCFnvNnc8eFtMsc,2024-09-02 12:58:54,1,0,@/assets/video/TMhnGP4JCFnvNnc8eFtMsc_kitchen-complete-v0_offline_comparative/TMhnGP4JCFnvNnc8eFtMsc/kitchen-complete-v0_5a621f76e4584a80ac9eb89778447cf6.mp4,1751,1851,5a621f76e4584a80ac9eb89778447cf6,191,291,comparative,,{'1': {'0': 2}},1,admin
73,5ab3dae46e12456e9662977e20a387e3,TMhnGP4JCFnvNnc8eFtMsc,2024-09-02 12:59:04,1,0,@/assets/video/TMhnGP4JCFnvNnc8eFtMsc_kitchen-complete-v0_offline_comparative/TMhnGP4JCFnvNnc8eFtMsc/kitchen-complete-v0_5ab3dae46e12456e9662977e20a387e3.mp4,822,922,5ab3dae46e12456e9662977e20a387e3,51,151,comparative,,{'1': {'0': 1}},1,admin
74,5b82f84082c543d883af65ba3e3b5b3d,TMhnGP4JCFnvNnc8eFtMsc,2024-09-02 12:59:15,1,0,@/assets/video/TMhnGP4JCFnvNnc8eFtMsc_kitchen-complete-v0_offline_comparative/TMhnGP4JCFnvNnc8eFtMsc/kitchen-complete-v0_5b82f84082c543d883af65ba3e3b5b3d.mp4,2763,2863,5b82f84082c543d883af65ba3e3b5b3d,261,361,comparative,,{'1': {'0': 1}},1,admin
75,5d145c43c9c748baa04e42d7e42b812c,TMhnGP4JCFnvNnc8eFtMsc,2024-09-02 12:59:25,1,0,@/assets/video/TMhnGP4JCFnvNnc8eFtMsc_kitchen-complete-v0_offline_comparative/TMhnGP4JCFnvNnc8eFtMsc/kitchen-complete-v0_5d145c43c9c748baa04e42d7e42b812c.mp4,2763,2863,5d145c43c9c748baa04e42d7e42b812c,235,335,comparative,,{'1': {'0': 2}},1,admin
76,61db7c9772b844439de3f6452baac76e,TMhnGP4JCFnvNnc8eFtMsc,2024-09-02 12:59:40,1,0,@/assets/video/TMhnGP4JCFnvNnc8eFtMsc_kitchen-complete-v0_offline_comparative/TMhnGP4JCFnvNnc8eFtMsc/kitchen-complete-v0_61db7c9772b844439de3f6452baac76e.mp4,419,519,61db7c9772b844439de3f6452baac76e,3117,3217,comparative,,{'1': {'0': 0}},1,admin
77,65aa66e0cced4e6b8265a2ccb00b1c6a,TMhnGP4JCFnvNnc8eFtMsc,2024-09-02 12:59:52,1,0,@/assets/video/TMhnGP4JCFnvNnc8eFtMsc_kitchen-complete-v0_offline_comparative/TMhnGP4JCFnvNnc8eFtMsc/kitchen-complete-v0_65aa66e0cced4e6b8265a2ccb00b1c6a.mp4,978,1078,65aa66e0cced4e6b8265a2ccb00b1c6a,1772,1872,comparative,,{'1': {'0': 0}},1,admin
78,66ec6a289ce8438d9b384a1ab8fe34d8,TMhnGP4JCFnvNnc8eFtMsc,2024-09-02 13:00:03,1,0,@/assets/video/TMhnGP4JCFnvNnc8eFtMsc_kitchen-complete-v0_offline_comparative/TMhnGP4JCFnvNnc8eFtMsc/kitchen-complete-v0_66ec6a289ce8438d9b384a1ab8fe34d8.mp4,2559,2659,66ec6a289ce8438d9b384a1ab8fe34d8,1048,1148,comparative,,{'1': {'0': 0}},1,admin
79,68873afe2fd44958b0a9bdd4e189e0ab,TMhnGP4JCFnvNnc8eFtMsc,2024-09-02 13:00:13,1,0,@/assets/video/TMhnGP4JCFnvNnc8eFtMsc_kitchen-complete-v0_offline_comparative/TMhnGP4JCFnvNnc8eFtMsc/kitchen-complete-v0_68873afe2fd44958b0a9bdd4e189e0ab.mp4,3151,3251,68873afe2fd44958b0a9bdd4e189e0ab,1387,1487,comparative,,{'1': {'0': 1}},1,admin
80,6897f343b8ca492592f4c7b3a1d99fc0,TMhnGP4JCFnvNnc8eFtMsc,2024-09-02 13:00:28,1,0,@/assets/video/TMhnGP4JCFnvNnc8eFtMsc_kitchen-complete-v0_offline_comparative/TMhnGP4JCFnvNnc8eFtMsc/kitchen-complete-v0_6897f343b8ca492592f4c7b3a1d99fc0.mp4,1374,1474,6897f343b8ca492592f4c7b3a1d99fc0,1001,1101,comparative,,{'1': {'0': 1}},1,admin
81,6986387ff7214a0ca76b1216c6fc9a3e,TMhnGP4JCFnvNnc8eFtMsc,2024-09-02 13:02:03,1,0,@/assets/video/TMhnGP4JCFnvNnc8eFtMsc_kitchen-complete-v0_offline_comparative/TMhnGP4JCFnvNnc8eFtMsc/kitchen-complete-v0_6986387ff7214a0ca76b1216c6fc9a3e.mp4,3336,3436,6986387ff7214a0ca76b1216c6fc9a3e,3122,3222,comparative,,{'1': {'0': 0}},1,admin
82,6a5e4a98ec6f4a82a7c1109ce3554153,TMhnGP4JCFnvNnc8eFtMsc,2024-09-02 13:02:14,1,0,@/assets/video/TMhnGP4JCFnvNnc8eFtMsc_kitchen-complete-v0_offline_comparative/TMhnGP4JCFnvNnc8eFtMsc/kitchen-complete-v0_6a5e4a98ec6f4a82a7c1109ce3554153.mp4,422,522,6a5e4a98ec6f4a82a7c1109ce3554153,763,863,comparative,,{'1': {'0': 1}},1,admin
83,6bb05477dc9b4b46acf8e6521e81dfbd,TMhnGP4JCFnvNnc8eFtMsc,2024-09-02 13:02:25,1,0,@/assets/video/TMhnGP4JCFnvNnc8eFtMsc_kitchen-complete-v0_offline_comparative/TMhnGP4JCFnvNnc8eFtMsc/kitchen-complete-v0_6bb05477dc9b4b46acf8e6521e81dfbd.mp4,1755,1855,6bb05477dc9b4b46acf8e6521e81dfbd,3135,3235,comparative,,{'1': {'0': 2}},1,admin
84,6bf853e6a5a245a8ad11ea65c8bf1d2a,TMhnGP4JCFnvNnc8eFtMsc,2024-09-02 13:02:35,1,0,@/assets/video/TMhnGP4JCFnvNnc8eFtMsc_kitchen-complete-v0_offline_comparative/TMhnGP4JCFnvNnc8eFtMsc/kitchen-complete-v0_6bf853e6a5a245a8ad11ea65c8bf1d2a.mp4,2761,2861,6bf853e6a5a245a8ad11ea65c8bf1d2a,1031,1131,comparative,,{'1': {'0': 2}},1,admin
85,6ca10d227e32446f98aa40e01cfffa85,TMhnGP4JCFnvNnc8eFtMsc,2024-09-02 13:02:46,1,0,@/assets/video/TMhnGP4JCFnvNnc8eFtMsc_kitchen-complete-v0_offline_comparative/TMhnGP4JCFnvNnc8eFtMsc/kitchen-complete-v0_6ca10d227e32446f98aa40e01cfffa85.mp4,2502,2602,6ca10d227e32446f98aa40e01cfffa85,1554,1654,comparative,,{'1': {'0': 1}},1,admin
86,6e2b8f5fdc5647e295f8cd726347bc97,TMhnGP4JCFnvNnc8eFtMsc,2024-09-02 13:03:02,1,0,@/assets/video/TMhnGP4JCFnvNnc8eFtMsc_kitchen-complete-v0_offline_comparative/TMhnGP4JCFnvNnc8eFtMsc/kitchen-complete-v0_6e2b8f5fdc5647e295f8cd726347bc97.mp4,380,480,6e2b8f5fdc5647e295f8cd726347bc97,614,714,comparative,,{'1': {'0': 1}},1,admin
87,6ecc636fec8847f1874666b01a965758,TMhnGP4JCFnvNnc8eFtMsc,2024-09-02 13:03:14,1,0,@/assets/video/TMhnGP4JCFnvNnc8eFtMsc_kitchen-complete-v0_offline_comparative/TMhnGP4JCFnvNnc8eFtMsc/kitchen-complete-v0_6ecc636fec8847f1874666b01a965758.mp4,1973,2073,6ecc636fec8847f1874666b01a965758,3097,3197,comparative,,{'1': {'0': 1}},1,admin
88,6f56086c5d4241a892d6781f3df24c51,TMhnGP4JCFnvNnc8eFtMsc,2024-09-02 13:03:28,1,0,@/assets/video/TMhnGP4JCFnvNnc8eFtMsc_kitchen-complete-v0_offline_comparative/TMhnGP4JCFnvNnc8eFtMsc/kitchen-complete-v0_6f56086c5d4241a892d6781f3df24c51.mp4,1914,2014,6f56086c5d4241a892d6781f3df24c51,985,1085,comparative,,{'1': {'0': 0}},1,admin
89,6fc0c4b4a11b40d4863dd4ccc7f7bce1,TMhnGP4JCFnvNnc8eFtMsc,2024-09-02 13:03:41,1,0,@/assets/video/TMhnGP4JCFnvNnc8eFtMsc_kitchen-complete-v0_offline_comparative/TMhnGP4JCFnvNnc8eFtMsc/kitchen-complete-v0_6fc0c4b4a11b40d4863dd4ccc7f7bce1.mp4,2545,2645,6fc0c4b4a11b40d4863dd4ccc7f7bce1,1561,1661,comparative,,{'1': {'0': 2}},1,admin
90,72bbd9df9af34596bbf2ddd7615c40a4,TMhnGP4JCFnvNnc8eFtMsc,2024-09-02 13:03:56,1,0,@/assets/video/TMhnGP4JCFnvNnc8eFtMsc_kitchen-complete-v0_offline_comparative/TMhnGP4JCFnvNnc8eFtMsc/kitchen-complete-v0_72bbd9df9af34596bbf2ddd7615c40a4.mp4,1579,1679,72bbd9df9af34596bbf2ddd7615c40a4,259,359,comparative,,{'1': {'0': 0}},1,admin
91,73a1307136f7473e8950310b45bb3d32,TMhnGP4JCFnvNnc8eFtMsc,2024-09-02 13:04:11,1,0,@/assets/video/TMhnGP4JCFnvNnc8eFtMsc_kitchen-complete-v0_offline_comparative/TMhnGP4JCFnvNnc8eFtMsc/kitchen-complete-v0_73a1307136f7473e8950310b45bb3d32.mp4,781,881,73a1307136f7473e8950310b45bb3d32,1608,1708,comparative,,{'1': {'0': 0}},1,admin
92,75435dbe8d5748e192be709457e810f3,TMhnGP4JCFnvNnc8eFtMsc,2024-09-02 13:04:51,1,0,@/assets/video/TMhnGP4JCFnvNnc8eFtMsc_kitchen-complete-v0_offline_comparative/TMhnGP4JCFnvNnc8eFtMsc/kitchen-complete-v0_75435dbe8d5748e192be709457e810f3.mp4,773,873,75435dbe8d5748e192be709457e810f3,1409,1509,comparative,,{'1': {'0': 0}},1,admin
93,7926a55431a5498f866e6099870e72e4,TMhnGP4JCFnvNnc8eFtMsc,2024-09-02 13:05:02,1,0,@/assets/video/TMhnGP4JCFnvNnc8eFtMsc_kitchen-complete-v0_offline_comparative/TMhnGP4JCFnvNnc8eFtMsc/kitchen-complete-v0_7926a55431a5498f866e6099870e72e4.mp4,2498,2598,7926a55431a5498f866e6099870e72e4,1411,1511,comparative,,{'1': {'0': 0}},1,admin
94,7dd0d71ed80b43eba243d205f96ad579,TMhnGP4JCFnvNnc8eFtMsc,2024-09-02 13:05:13,1,0,@/assets/video/TMhnGP4JCFnvNnc8eFtMsc_kitchen-complete-v0_offline_comparative/TMhnGP4JCFnvNnc8eFtMsc/kitchen-complete-v0_7dd0d71ed80b43eba243d205f96ad579.mp4,2110,2210,7dd0d71ed80b43eba243d205f96ad579,3115,3215,comparative,,{'1': {'0': 0}},1,admin
95,7ee87a6cd0154a76aa2eff0a23cdebc9,TMhnGP4JCFnvNnc8eFtMsc,2024-09-02 13:05:48,1,0,@/assets/video/TMhnGP4JCFnvNnc8eFtMsc_kitchen-complete-v0_offline_comparative/TMhnGP4JCFnvNnc8eFtMsc/kitchen-complete-v0_7ee87a6cd0154a76aa2eff0a23cdebc9.mp4,2590,2690,7ee87a6cd0154a76aa2eff0a23cdebc9,840,940,comparative,,{'1': {'0': 2}},1,admin
96,7f82cddfebe34d7fa2d90a3421d262be,TMhnGP4JCFnvNnc8eFtMsc,2024-09-02 13:05:58,1,0,@/assets/video/TMhnGP4JCFnvNnc8eFtMsc_kitchen-complete-v0_offline_comparative/TMhnGP4JCFnvNnc8eFtMsc/kitchen-complete-v0_7f82cddfebe34d7fa2d90a3421d262be.mp4,1544,1644,7f82cddfebe34d7fa2d90a3421d262be,566,666,comparative,,{'1': {'0': 1}},1,admin
97,7f93d6dac21a44b79fb5fab011663920,TMhnGP4JCFnvNnc8eFtMsc,2024-09-02 13:06:10,1,0,@/assets/video/TMhnGP4JCFnvNnc8eFtMsc_kitchen-complete-v0_offline_comparative/TMhnGP4JCFnvNnc8eFtMsc/kitchen-complete-v0_7f93d6dac21a44b79fb5fab011663920.mp4,2894,2994,7f93d6dac21a44b79fb5fab011663920,2375,2475,comparative,,{'1': {'0': 1}},1,admin
98,80ccae4c48b34ec69803b5460f373d09,TMhnGP4JCFnvNnc8eFtMsc,2024-09-02 13:06:23,1,0,@/assets/video/TMhnGP4JCFnvNnc8eFtMsc_kitchen-complete-v0_offline_comparative/TMhnGP4JCFnvNnc8eFtMsc/kitchen-complete-v0_80ccae4c48b34ec69803b5460f373d09.mp4,571,671,80ccae4c48b34ec69803b5460f373d09,184,284,comparative,,{'1': {'0': 2}},1,admin
99,831dc0154cd7492ea127948979e96e4e,TMhnGP4JCFnvNnc8eFtMsc,2024-09-02 13:06:45,1,0,@/assets/video/TMhnGP4JCFnvNnc8eFtMsc_kitchen-complete-v0_offline_comparative/TMhnGP4JCFnvNnc8eFtMsc/kitchen-complete-v0_831dc0154cd7492ea127948979e96e4e.mp4,1943,2043,831dc0154cd7492ea127948979e96e4e,3352,3452,comparative,,{'1': {'0': 2}},1,admin
100,8391dab864ca492e9737f0d67667e665,TMhnGP4JCFnvNnc8eFtMsc,2024-09-02 13:06:56,1,0,@/assets/video/TMhnGP4JCFnvNnc8eFtMsc_kitchen-complete-v0_offline_comparative/TMhnGP4JCFnvNnc8eFtMsc/kitchen-complete-v0_8391dab864ca492e9737f0d67667e665.mp4,2187,2287,8391dab864ca492e9737f0d67667e665,2141,2241,comparative,,{'1': {'0': 1}},1,admin
101,8467bb7d87cd4649862dec3dfcff1355,TMhnGP4JCFnvNnc8eFtMsc,2024-09-02 13:11:44,1,0,@/assets/video/TMhnGP4JCFnvNnc8eFtMsc_kitchen-complete-v0_offline_comparative/TMhnGP4JCFnvNnc8eFtMsc/kitchen-complete-v0_8467bb7d87cd4649862dec3dfcff1355.mp4,1986,2086,8467bb7d87cd4649862dec3dfcff1355,829,929,comparative,,{'1': {'0': 1}},1,admin
102,8490055344a14371b72a39e73a1c475a,TMhnGP4JCFnvNnc8eFtMsc,2024-09-02 13:11:54,1,0,@/assets/video/TMhnGP4JCFnvNnc8eFtMsc_kitchen-complete-v0_offline_comparative/TMhnGP4JCFnvNnc8eFtMsc/kitchen-complete-v0_8490055344a14371b72a39e73a1c475a.mp4,2350,2450,8490055344a14371b72a39e73a1c475a,1533,1633,comparative,,{'1': {'0': 2}},1,admin
103,8a305238a0504c56ae49460d42df22ce,TMhnGP4JCFnvNnc8eFtMsc,2024-09-02 13:12:05,1,0,@/assets/video/TMhnGP4JCFnvNnc8eFtMsc_kitchen-complete-v0_offline_comparative/TMhnGP4JCFnvNnc8eFtMsc/kitchen-complete-v0_8a305238a0504c56ae49460d42df22ce.mp4,2975,3075,8a305238a0504c56ae49460d42df22ce,3121,3221,comparative,,{'1': {'0': 2}},1,admin
104,8bbf8faa11eb4d2f8a50653b41241883,TMhnGP4JCFnvNnc8eFtMsc,2024-09-02 13:12:23,1,0,@/assets/video/TMhnGP4JCFnvNnc8eFtMsc_kitchen-complete-v0_offline_comparative/TMhnGP4JCFnvNnc8eFtMsc/kitchen-complete-v0_8bbf8faa11eb4d2f8a50653b41241883.mp4,1748,1848,8bbf8faa11eb4d2f8a50653b41241883,61,161,comparative,,{'1': {'0': 2}},1,admin
105,8c67339414aa4dde890c5b0d47b84475,TMhnGP4JCFnvNnc8eFtMsc,2024-09-02 13:12:41,1,0,@/assets/video/TMhnGP4JCFnvNnc8eFtMsc_kitchen-complete-v0_offline_comparative/TMhnGP4JCFnvNnc8eFtMsc/kitchen-complete-v0_8c67339414aa4dde890c5b0d47b84475.mp4,194,294,8c67339414aa4dde890c5b0d47b84475,190,290,comparative,,{'1': {'0': 1}},1,admin
106,8cd130473b934b89ab37085ab8e89f6a,TMhnGP4JCFnvNnc8eFtMsc,2024-09-02 13:12:49,1,0,@/assets/video/TMhnGP4JCFnvNnc8eFtMsc_kitchen-complete-v0_offline_comparative/TMhnGP4JCFnvNnc8eFtMsc/kitchen-complete-v0_8cd130473b934b89ab37085ab8e89f6a.mp4,2748,2848,8cd130473b934b89ab37085ab8e89f6a,2939,3039,comparative,,{'1': {'0': 1}},1,admin
107,8d81056ee55041ce961b7a7c5f1db8de,TMhnGP4JCFnvNnc8eFtMsc,2024-09-02 13:13:00,1,0,@/assets/video/TMhnGP4JCFnvNnc8eFtMsc_kitchen-complete-v0_offline_comparative/TMhnGP4JCFnvNnc8eFtMsc/kitchen-complete-v0_8d81056ee55041ce961b7a7c5f1db8de.mp4,1040,1140,8d81056ee55041ce961b7a7c5f1db8de,1586,1686,comparative,,{'1': {'0': 2}},1,admin
108,8e0eb2ae05654f3f9f9225283de84f63,TMhnGP4JCFnvNnc8eFtMsc,2024-09-02 13:13:11,1,0,@/assets/video/TMhnGP4JCFnvNnc8eFtMsc_kitchen-complete-v0_offline_comparative/TMhnGP4JCFnvNnc8eFtMsc/kitchen-complete-v0_8e0eb2ae05654f3f9f9225283de84f63.mp4,1926,2026,8e0eb2ae05654f3f9f9225283de84f63,10,110,comparative,,{'1': {'0': 1}},1,admin
109,8f35c670cc684595a11eeec464bfbac4,TMhnGP4JCFnvNnc8eFtMsc,2024-09-02 13:13:22,1,0,@/assets/video/TMhnGP4JCFnvNnc8eFtMsc_kitchen-complete-v0_offline_comparative/TMhnGP4JCFnvNnc8eFtMsc/kitchen-complete-v0_8f35c670cc684595a11eeec464bfbac4.mp4,1348,1448,8f35c670cc684595a11eeec464bfbac4,3160,3260,comparative,,{'1': {'0': 1}},1,admin
110,8f80fdb8794a404da140188b8c205981,TMhnGP4JCFnvNnc8eFtMsc,2024-09-02 13:13:30,1,0,@/assets/video/TMhnGP4JCFnvNnc8eFtMsc_kitchen-complete-v0_offline_comparative/TMhnGP4JCFnvNnc8eFtMsc/kitchen-complete-v0_8f80fdb8794a404da140188b8c205981.mp4,2158,2258,8f80fdb8794a404da140188b8c205981,2928,3028,comparative,,{'1': {'0': 1}},1,admin
111,8fe7b3054460497a9063cd48d96a6142,TMhnGP4JCFnvNnc8eFtMsc,2024-09-02 13:13:41,1,0,@/assets/video/TMhnGP4JCFnvNnc8eFtMsc_kitchen-complete-v0_offline_comparative/TMhnGP4JCFnvNnc8eFtMsc/kitchen-complete-v0_8fe7b3054460497a9063cd48d96a6142.mp4,1229,1329,8fe7b3054460497a9063cd48d96a6142,1208,1308,comparative,,{'1': {'0': 2}},1,admin
112,909b01272717466c9a60846cb7fe6611,TMhnGP4JCFnvNnc8eFtMsc,2024-09-02 13:14:01,1,0,@/assets/video/TMhnGP4JCFnvNnc8eFtMsc_kitchen-complete-v0_offline_comparative/TMhnGP4JCFnvNnc8eFtMsc/kitchen-complete-v0_909b01272717466c9a60846cb7fe6611.mp4,776,876,909b01272717466c9a60846cb7fe6611,2710,2810,comparative,,{'1': {'0': 0}},1,admin
113,91b76201daa448079edb0ffe5566eab1,TMhnGP4JCFnvNnc8eFtMsc,2024-09-02 13:14:12,1,0,@/assets/video/TMhnGP4JCFnvNnc8eFtMsc_kitchen-complete-v0_offline_comparative/TMhnGP4JCFnvNnc8eFtMsc/kitchen-complete-v0_91b76201daa448079edb0ffe5566eab1.mp4,1737,1837,91b76201daa448079edb0ffe5566eab1,1018,1118,comparative,,{'1': {'0': 1}},1,admin
114,92c0c0d88fda4d118de7f3a0df3b4193,TMhnGP4JCFnvNnc8eFtMsc,2024-09-02 13:14:27,1,0,@/assets/video/TMhnGP4JCFnvNnc8eFtMsc_kitchen-complete-v0_offline_comparative/TMhnGP4JCFnvNnc8eFtMsc/kitchen-complete-v0_92c0c0d88fda4d118de7f3a0df3b4193.mp4,3324,3424,92c0c0d88fda4d118de7f3a0df3b4193,3110,3210,comparative,,{'1': {'0': 2}},1,admin
115,952d19a837374d91964a2d685d1381ee,TMhnGP4JCFnvNnc8eFtMsc,2024-09-02 13:14:38,1,0,@/assets/video/TMhnGP4JCFnvNnc8eFtMsc_kitchen-complete-v0_offline_comparative/TMhnGP4JCFnvNnc8eFtMsc/kitchen-complete-v0_952d19a837374d91964a2d685d1381ee.mp4,596,696,952d19a837374d91964a2d685d1381ee,1915,2015,comparative,,{'1': {'0': 2}},1,admin
116,9612a69ce4404bee953b14ea8130b1c2,TMhnGP4JCFnvNnc8eFtMsc,2024-09-02 13:15:49,1,0,@/assets/video/TMhnGP4JCFnvNnc8eFtMsc_kitchen-complete-v0_offline_comparative/TMhnGP4JCFnvNnc8eFtMsc/kitchen-complete-v0_9612a69ce4404bee953b14ea8130b1c2.mp4,781,881,9612a69ce4404bee953b14ea8130b1c2,3323,3423,comparative,,{'1': {'0': 0}},1,admin
117,974ad15a72674751b8f2a864c44df930,TMhnGP4JCFnvNnc8eFtMsc,2024-09-02 13:16:08,1,0,@/assets/video/TMhnGP4JCFnvNnc8eFtMsc_kitchen-complete-v0_offline_comparative/TMhnGP4JCFnvNnc8eFtMsc/kitchen-complete-v0_974ad15a72674751b8f2a864c44df930.mp4,1540,1640,974ad15a72674751b8f2a864c44df930,1367,1467,comparative,,{'1': {'0': 0}},1,admin
118,9ab977e8a03f423781f884abdcad48c0,TMhnGP4JCFnvNnc8eFtMsc,2024-09-02 13:16:26,1,0,@/assets/video/TMhnGP4JCFnvNnc8eFtMsc_kitchen-complete-v0_offline_comparative/TMhnGP4JCFnvNnc8eFtMsc/kitchen-complete-v0_9ab977e8a03f423781f884abdcad48c0.mp4,2945,3045,9ab977e8a03f423781f884abdcad48c0,3110,3210,comparative,,{'1': {'0': 1}},1,admin
119,9af6d5a5b95c4a8ca1f0d403c396b998,TMhnGP4JCFnvNnc8eFtMsc,2024-09-02 13:16:42,1,0,@/assets/video/TMhnGP4JCFnvNnc8eFtMsc_kitchen-complete-v0_offline_comparative/TMhnGP4JCFnvNnc8eFtMsc/kitchen-complete-v0_9af6d5a5b95c4a8ca1f0d403c396b998.mp4,236,336,9af6d5a5b95c4a8ca1f0d403c396b998,3111,3211,comparative,,{'1': {'0': 0}},1,admin
120,9ec1b51b9a764ae58c7519326470cfdc,TMhnGP4JCFnvNnc8eFtMsc,2024-09-02 13:16:57,1,0,@/assets/video/TMhnGP4JCFnvNnc8eFtMsc_kitchen-complete-v0_offline_comparative/TMhnGP4JCFnvNnc8eFtMsc/kitchen-complete-v0_9ec1b51b9a764ae58c7519326470cfdc.mp4,966,1066,9ec1b51b9a764ae58c7519326470cfdc,230,330,comparative,,{'1': {'0': 0}},1,admin
121,a0cdead9941b4abea31e4f3602280460,TMhnGP4JCFnvNnc8eFtMsc,2024-09-02 13:17:08,1,0,@/assets/video/TMhnGP4JCFnvNnc8eFtMsc_kitchen-complete-v0_offline_comparative/TMhnGP4JCFnvNnc8eFtMsc/kitchen-complete-v0_a0cdead9941b4abea31e4f3602280460.mp4,573,673,a0cdead9941b4abea31e4f3602280460,2905,3005,comparative,,{'1': {'0': 0}},1,admin
122,a38dd2e142444bcea3f5290af1f142f3,TMhnGP4JCFnvNnc8eFtMsc,2024-09-02 13:17:27,1,0,@/assets/video/TMhnGP4JCFnvNnc8eFtMsc_kitchen-complete-v0_offline_comparative/TMhnGP4JCFnvNnc8eFtMsc/kitchen-complete-v0_a38dd2e142444bcea3f5290af1f142f3.mp4,40,140,a38dd2e142444bcea3f5290af1f142f3,796,896,comparative,,{'1': {'0': 2}},1,admin
123,a615a55f0e274f60bc709fa2244fafb7,TMhnGP4JCFnvNnc8eFtMsc,2024-09-02 13:17:46,1,0,@/assets/video/TMhnGP4JCFnvNnc8eFtMsc_kitchen-complete-v0_offline_comparative/TMhnGP4JCFnvNnc8eFtMsc/kitchen-complete-v0_a615a55f0e274f60bc709fa2244fafb7.mp4,3123,3223,a615a55f0e274f60bc709fa2244fafb7,2500,2600,comparative,,{'1': {'0': 2}},1,admin
124,a65ee0c6b6f948d095e380d8ead4823b,TMhnGP4JCFnvNnc8eFtMsc,2024-09-02 13:17:57,1,0,@/assets/video/TMhnGP4JCFnvNnc8eFtMsc_kitchen-complete-v0_offline_comparative/TMhnGP4JCFnvNnc8eFtMsc/kitchen-complete-v0_a65ee0c6b6f948d095e380d8ead4823b.mp4,1782,1882,a65ee0c6b6f948d095e380d8ead4823b,807,907,comparative,,{'1': {'0': 0}},1,admin
125,a99fb9d930364a10993a0a7563f7d890,TMhnGP4JCFnvNnc8eFtMsc,2024-09-02 13:18:07,1,0,@/assets/video/TMhnGP4JCFnvNnc8eFtMsc_kitchen-complete-v0_offline_comparative/TMhnGP4JCFnvNnc8eFtMsc/kitchen-complete-v0_a99fb9d930364a10993a0a7563f7d890.mp4,2704,2804,a99fb9d930364a10993a0a7563f7d890,2392,2492,comparative,,{'1': {'0': 0}},1,admin
126,ad6ccac5d2994558bb68718e5574dbcf,TMhnGP4JCFnvNnc8eFtMsc,2024-09-02 13:18:22,1,0,@/assets/video/TMhnGP4JCFnvNnc8eFtMsc_kitchen-complete-v0_offline_comparative/TMhnGP4JCFnvNnc8eFtMsc/kitchen-complete-v0_ad6ccac5d2994558bb68718e5574dbcf.mp4,1421,1521,ad6ccac5d2994558bb68718e5574dbcf,1384,1484,comparative,,{'1': {'0': 1}},1,admin
127,aea21ee6c7f34232b727dc25c63e8e9a,TMhnGP4JCFnvNnc8eFtMsc,2024-09-02 13:19:38,1,0,@/assets/video/TMhnGP4JCFnvNnc8eFtMsc_kitchen-complete-v0_offline_comparative/TMhnGP4JCFnvNnc8eFtMsc/kitchen-complete-v0_aea21ee6c7f34232b727dc25c63e8e9a.mp4,2932,3032,aea21ee6c7f34232b727dc25c63e8e9a,1949,2049,comparative,,{'1': {'0': 1}},1,admin
128,afcfd0e883d74f3896a8a1fcf0c15cba,TMhnGP4JCFnvNnc8eFtMsc,2024-09-02 13:19:49,1,0,@/assets/video/TMhnGP4JCFnvNnc8eFtMsc_kitchen-complete-v0_offline_comparative/TMhnGP4JCFnvNnc8eFtMsc/kitchen-complete-v0_afcfd0e883d74f3896a8a1fcf0c15cba.mp4,1730,1830,afcfd0e883d74f3896a8a1fcf0c15cba,2942,3042,comparative,,{'1': {'0': 0}},1,admin
129,b063727e448f45a79255fb56a33dad2f,TMhnGP4JCFnvNnc8eFtMsc,2024-09-02 13:20:00,1,0,@/assets/video/TMhnGP4JCFnvNnc8eFtMsc_kitchen-complete-v0_offline_comparative/TMhnGP4JCFnvNnc8eFtMsc/kitchen-complete-v0_b063727e448f45a79255fb56a33dad2f.mp4,1784,1884,b063727e448f45a79255fb56a33dad2f,252,352,comparative,,{'1': {'0': 1}},1,admin
130,b09445986ddb4eba87f3933fa67d6035,TMhnGP4JCFnvNnc8eFtMsc,2024-09-02 13:20:15,1,0,@/assets/video/TMhnGP4JCFnvNnc8eFtMsc_kitchen-complete-v0_offline_comparative/TMhnGP4JCFnvNnc8eFtMsc/kitchen-complete-v0_b09445986ddb4eba87f3933fa67d6035.mp4,2902,3002,b09445986ddb4eba87f3933fa67d6035,230,330,comparative,,{'1': {'0': 2}},1,admin
131,b1f0dc8381b141369b266ab598e34959,TMhnGP4JCFnvNnc8eFtMsc,2024-09-02 13:20:35,1,0,@/assets/video/TMhnGP4JCFnvNnc8eFtMsc_kitchen-complete-v0_offline_comparative/TMhnGP4JCFnvNnc8eFtMsc/kitchen-complete-v0_b1f0dc8381b141369b266ab598e34959.mp4,232,332,b1f0dc8381b141369b266ab598e34959,246,346,comparative,,{'1': {'0': 1}},1,admin
132,b34729a6399940239ef89811cbee9843,TMhnGP4JCFnvNnc8eFtMsc,2024-09-02 13:20:47,1,0,@/assets/video/TMhnGP4JCFnvNnc8eFtMsc_kitchen-complete-v0_offline_comparative/TMhnGP4JCFnvNnc8eFtMsc/kitchen-complete-v0_b34729a6399940239ef89811cbee9843.mp4,1606,1706,b34729a6399940239ef89811cbee9843,375,475,comparative,,{'1': {'0': 2}},1,admin
133,b35fd67a06f4408296dc7c5eff88f089,TMhnGP4JCFnvNnc8eFtMsc,2024-09-02 13:21:05,1,0,@/assets/video/TMhnGP4JCFnvNnc8eFtMsc_kitchen-complete-v0_offline_comparative/TMhnGP4JCFnvNnc8eFtMsc/kitchen-complete-v0_b35fd67a06f4408296dc7c5eff88f089.mp4,3306,3406,b35fd67a06f4408296dc7c5eff88f089,1039,1139,comparative,,{'1': {'0': 1}},1,admin
134,b365b82d794a489c98b30739c6e8508a,TMhnGP4JCFnvNnc8eFtMsc,2024-09-02 13:21:27,1,0,@/assets/video/TMhnGP4JCFnvNnc8eFtMsc_kitchen-complete-v0_offline_comparative/TMhnGP4JCFnvNnc8eFtMsc/kitchen-complete-v0_b365b82d794a489c98b30739c6e8508a.mp4,1358,1458,b365b82d794a489c98b30739c6e8508a,2715,2815,comparative,,{'1': {'0': 0}},1,admin
135,b372a5922daa4305a44ff856f3e37c41,TMhnGP4JCFnvNnc8eFtMsc,2024-09-02 13:21:38,1,0,@/assets/video/TMhnGP4JCFnvNnc8eFtMsc_kitchen-complete-v0_offline_comparative/TMhnGP4JCFnvNnc8eFtMsc/kitchen-complete-v0_b372a5922daa4305a44ff856f3e37c41.mp4,1344,1444,b372a5922daa4305a44ff856f3e37c41,2203,2303,comparative,,{'1': {'0': 0}},1,admin
136,b5e5f25e1d754babb1abcad72e1e8d6e,TMhnGP4JCFnvNnc8eFtMsc,2024-09-02 13:21:57,1,0,@/assets/video/TMhnGP4JCFnvNnc8eFtMsc_kitchen-complete-v0_offline_comparative/TMhnGP4JCFnvNnc8eFtMsc/kitchen-complete-v0_b5e5f25e1d754babb1abcad72e1e8d6e.mp4,1943,2043,b5e5f25e1d754babb1abcad72e1e8d6e,2583,2683,comparative,,{'1': {'0': 1}},1,admin
137,b62fdba6233a4e8cbf74cfa6f332c1a6,TMhnGP4JCFnvNnc8eFtMsc,2024-09-02 13:22:13,1,0,@/assets/video/TMhnGP4JCFnvNnc8eFtMsc_kitchen-complete-v0_offline_comparative/TMhnGP4JCFnvNnc8eFtMsc/kitchen-complete-v0_b62fdba6233a4e8cbf74cfa6f332c1a6.mp4,1039,1139,b62fdba6233a4e8cbf74cfa6f332c1a6,3334,3434,comparative,,{'1': {'0': 2}},1,admin
138,b940568987034ed3bb2496437fac5fd3,TMhnGP4JCFnvNnc8eFtMsc,2024-09-02 13:22:23,1,0,@/assets/video/TMhnGP4JCFnvNnc8eFtMsc_kitchen-complete-v0_offline_comparative/TMhnGP4JCFnvNnc8eFtMsc/kitchen-complete-v0_b940568987034ed3bb2496437fac5fd3.mp4,1757,1857,b940568987034ed3bb2496437fac5fd3,1213,1313,comparative,,{'1': {'0': 2}},1,admin
139,b9709283faaf4313912503fbfa3e0ec7,TMhnGP4JCFnvNnc8eFtMsc,2024-09-02 13:22:37,1,0,@/assets/video/TMhnGP4JCFnvNnc8eFtMsc_kitchen-complete-v0_offline_comparative/TMhnGP4JCFnvNnc8eFtMsc/kitchen-complete-v0_b9709283faaf4313912503fbfa3e0ec7.mp4,1348,1448,b9709283faaf4313912503fbfa3e0ec7,2378,2478,comparative,,{'1': {'0': 0}},1,admin
140,b97cc565b1e64faa894870ac02153d8a,TMhnGP4JCFnvNnc8eFtMsc,2024-09-02 13:22:48,1,0,@/assets/video/TMhnGP4JCFnvNnc8eFtMsc_kitchen-complete-v0_offline_comparative/TMhnGP4JCFnvNnc8eFtMsc/kitchen-complete-v0_b97cc565b1e64faa894870ac02153d8a.mp4,65,165,b97cc565b1e64faa894870ac02153d8a,993,1093,comparative,,{'1': {'0': 2}},1,admin
141,bc77125d1070474b9e864d97c9bb4b1a,TMhnGP4JCFnvNnc8eFtMsc,2024-09-02 13:23:02,1,0,@/assets/video/TMhnGP4JCFnvNnc8eFtMsc_kitchen-complete-v0_offline_comparative/TMhnGP4JCFnvNnc8eFtMsc/kitchen-complete-v0_bc77125d1070474b9e864d97c9bb4b1a.mp4,854,954,bc77125d1070474b9e864d97c9bb4b1a,3140,3240,comparative,,{'1': {'0': 2}},1,admin
142,bce70bb59ccd4b358657829872e26f43,TMhnGP4JCFnvNnc8eFtMsc,2024-09-02 13:23:27,1,0,@/assets/video/TMhnGP4JCFnvNnc8eFtMsc_kitchen-complete-v0_offline_comparative/TMhnGP4JCFnvNnc8eFtMsc/kitchen-complete-v0_bce70bb59ccd4b358657829872e26f43.mp4,1366,1466,bce70bb59ccd4b358657829872e26f43,2964,3064,comparative,,{'1': {'0': 0}},1,admin
143,bd8cc5e0b7624298bbb42b8135fdf99e,TMhnGP4JCFnvNnc8eFtMsc,2024-09-02 13:23:37,1,0,@/assets/video/TMhnGP4JCFnvNnc8eFtMsc_kitchen-complete-v0_offline_comparative/TMhnGP4JCFnvNnc8eFtMsc/kitchen-complete-v0_bd8cc5e0b7624298bbb42b8135fdf99e.mp4,2204,2304,bd8cc5e0b7624298bbb42b8135fdf99e,1047,1147,comparative,,{'1': {'0': 1}},1,admin
144,be106d727827499aa855f15f9759b3bc,TMhnGP4JCFnvNnc8eFtMsc,2024-09-02 13:24:05,1,0,@/assets/video/TMhnGP4JCFnvNnc8eFtMsc_kitchen-complete-v0_offline_comparative/TMhnGP4JCFnvNnc8eFtMsc/kitchen-complete-v0_be106d727827499aa855f15f9759b3bc.mp4,406,506,be106d727827499aa855f15f9759b3bc,1598,1698,comparative,,{'1': {'0': 2}},1,admin
145,be1c6c0c6c6546a3993d14067fb27706,TMhnGP4JCFnvNnc8eFtMsc,2024-09-02 13:24:23,1,0,@/assets/video/TMhnGP4JCFnvNnc8eFtMsc_kitchen-complete-v0_offline_comparative/TMhnGP4JCFnvNnc8eFtMsc/kitchen-complete-v0_be1c6c0c6c6546a3993d14067fb27706.mp4,385,485,be1c6c0c6c6546a3993d14067fb27706,2550,2650,comparative,,{'1': {'0': 1}},1,admin
146,be29059916d744168374eda9a19fb1bd,TMhnGP4JCFnvNnc8eFtMsc,2024-09-02 13:24:34,1,0,@/assets/video/TMhnGP4JCFnvNnc8eFtMsc_kitchen-complete-v0_offline_comparative/TMhnGP4JCFnvNnc8eFtMsc/kitchen-complete-v0_be29059916d744168374eda9a19fb1bd.mp4,2740,2840,be29059916d744168374eda9a19fb1bd,820,920,comparative,,{'1': {'0': 1}},1,admin
147,bf55fadb057947a4a68fb81200c83fe9,TMhnGP4JCFnvNnc8eFtMsc,2024-09-02 13:24:48,1,0,@/assets/video/TMhnGP4JCFnvNnc8eFtMsc_kitchen-complete-v0_offline_comparative/TMhnGP4JCFnvNnc8eFtMsc/kitchen-complete-v0_bf55fadb057947a4a68fb81200c83fe9.mp4,2006,2106,bf55fadb057947a4a68fb81200c83fe9,197,297,comparative,,{'1': {'0': 2}},1,admin
148,c071670a1489440cba32aee117591b74,TMhnGP4JCFnvNnc8eFtMsc,2024-09-02 13:24:59,1,0,@/assets/video/TMhnGP4JCFnvNnc8eFtMsc_kitchen-complete-v0_offline_comparative/TMhnGP4JCFnvNnc8eFtMsc/kitchen-complete-v0_c071670a1489440cba32aee117591b74.mp4,2205,2305,c071670a1489440cba32aee117591b74,3356,3456,comparative,,{'1': {'0': 2}},1,admin
149,c0a04c58231e48088237b0b2d95a0153,TMhnGP4JCFnvNnc8eFtMsc,2024-09-02 13:25:22,1,0,@/assets/video/TMhnGP4JCFnvNnc8eFtMsc_kitchen-complete-v0_offline_comparative/TMhnGP4JCFnvNnc8eFtMsc/kitchen-complete-v0_c0a04c58231e48088237b0b2d95a0153.mp4,2377,2477,c0a04c58231e48088237b0b2d95a0153,3106,3206,comparative,,{'1': {'0': 1}},1,admin
150,c1850aeb4b954b5694497ec5bdfe5d0a,TMhnGP4JCFnvNnc8eFtMsc,2024-09-02 13:25:36,1,0,@/assets/video/TMhnGP4JCFnvNnc8eFtMsc_kitchen-complete-v0_offline_comparative/TMhnGP4JCFnvNnc8eFtMsc/kitchen-complete-v0_c1850aeb4b954b5694497ec5bdfe5d0a.mp4,1926,2026,c1850aeb4b954b5694497ec5bdfe5d0a,63,163,comparative,,{'1': {'0': 0}},1,admin
151,c28fae7b890b47a8ae27765f3a2c2284,TMhnGP4JCFnvNnc8eFtMsc,2024-09-02 13:27:19,1,0,@/assets/video/TMhnGP4JCFnvNnc8eFtMsc_kitchen-complete-v0_offline_comparative/TMhnGP4JCFnvNnc8eFtMsc/kitchen-complete-v0_c28fae7b890b47a8ae27765f3a2c2284.mp4,3311,3411,c28fae7b890b47a8ae27765f3a2c2284,3372,3472,comparative,,{'1': {'0': 0}},1,admin
152,c32f93f9dd6241029d68127b264449d6,TMhnGP4JCFnvNnc8eFtMsc,2024-09-02 13:27:31,1,0,@/assets/video/TMhnGP4JCFnvNnc8eFtMsc_kitchen-complete-v0_offline_comparative/TMhnGP4JCFnvNnc8eFtMsc/kitchen-complete-v0_c32f93f9dd6241029d68127b264449d6.mp4,40,140,c32f93f9dd6241029d68127b264449d6,1745,1845,comparative,,{'1': {'0': 2}},1,admin
153,c40446f84524466f964998fda00979c8,TMhnGP4JCFnvNnc8eFtMsc,2024-09-02 13:27:43,1,0,@/assets/video/TMhnGP4JCFnvNnc8eFtMsc_kitchen-complete-v0_offline_comparative/TMhnGP4JCFnvNnc8eFtMsc/kitchen-complete-v0_c40446f84524466f964998fda00979c8.mp4,2184,2284,c40446f84524466f964998fda00979c8,258,358,comparative,,{'1': {'0': 1}},1,admin
154,c4a025d7aaf34257865deea6ac70a722,TMhnGP4JCFnvNnc8eFtMsc,2024-09-02 13:27:59,1,0,@/assets/video/TMhnGP4JCFnvNnc8eFtMsc_kitchen-complete-v0_offline_comparative/TMhnGP4JCFnvNnc8eFtMsc/kitchen-complete-v0_c4a025d7aaf34257865deea6ac70a722.mp4,1788,1888,c4a025d7aaf34257865deea6ac70a722,1237,1337,comparative,,{'1': {'0': 0}},1,admin
155,c593d3f3243c491cb823ff35bdec313d,TMhnGP4JCFnvNnc8eFtMsc,2024-09-02 13:30:45,1,0,@/assets/video/TMhnGP4JCFnvNnc8eFtMsc_kitchen-complete-v0_offline_comparative/TMhnGP4JCFnvNnc8eFtMsc/kitchen-complete-v0_c593d3f3243c491cb823ff35bdec313d.mp4,2176,2276,c593d3f3243c491cb823ff35bdec313d,3092,3192,comparative,,{'1': {'0': 2}},1,admin
156,c6abe13961bd4d9fa8cae514060c082b,TMhnGP4JCFnvNnc8eFtMsc,2024-09-02 13:30:56,1,0,@/assets/video/TMhnGP4JCFnvNnc8eFtMsc_kitchen-complete-v0_offline_comparative/TMhnGP4JCFnvNnc8eFtMsc/kitchen-complete-v0_c6abe13961bd4d9fa8cae514060c082b.mp4,2322,2422,c6abe13961bd4d9fa8cae514060c082b,2960,3060,comparative,,{'1': {'0': 0}},1,admin
157,c6d953aee7444c9797f67c19cb2f5ca0,TMhnGP4JCFnvNnc8eFtMsc,2024-09-02 13:31:11,1,0,@/assets/video/TMhnGP4JCFnvNnc8eFtMsc_kitchen-complete-v0_offline_comparative/TMhnGP4JCFnvNnc8eFtMsc/kitchen-complete-v0_c6d953aee7444c9797f67c19cb2f5ca0.mp4,434,534,c6d953aee7444c9797f67c19cb2f5ca0,2901,3001,comparative,,{'1': {'0': 1}},1,admin
158,c7a4f97a460f403d9d56470057b689a3,TMhnGP4JCFnvNnc8eFtMsc,2024-09-02 13:33:19,1,0,@/assets/video/TMhnGP4JCFnvNnc8eFtMsc_kitchen-complete-v0_offline_comparative/TMhnGP4JCFnvNnc8eFtMsc/kitchen-complete-v0_c7a4f97a460f403d9d56470057b689a3.mp4,1036,1136,c7a4f97a460f403d9d56470057b689a3,1432,1532,comparative,,{'1': {'0': 0}},1,admin
159,c81e0b3622d54dd384de043472e6cdd0,TMhnGP4JCFnvNnc8eFtMsc,2024-09-02 13:33:29,1,0,@/assets/video/TMhnGP4JCFnvNnc8eFtMsc_kitchen-complete-v0_offline_comparative/TMhnGP4JCFnvNnc8eFtMsc/kitchen-complete-v0_c81e0b3622d54dd384de043472e6cdd0.mp4,1182,1282,c81e0b3622d54dd384de043472e6cdd0,12,112,comparative,,{'1': {'0': 2}},1,admin
160,ca2db164b5354fb7ab2d2b1e8bcc73e0,TMhnGP4JCFnvNnc8eFtMsc,2024-09-02 13:49:40,1,0,@/assets/video/TMhnGP4JCFnvNnc8eFtMsc_kitchen-complete-v0_offline_comparative/TMhnGP4JCFnvNnc8eFtMsc/kitchen-complete-v0_ca2db164b5354fb7ab2d2b1e8bcc73e0.mp4,1347,1447,ca2db164b5354fb7ab2d2b1e8bcc73e0,235,335,comparative,,{'1': {'0': 1}},1,admin
161,ca85f0f1a3864a49a02e6d6fa1729bd0,TMhnGP4JCFnvNnc8eFtMsc,2024-09-02 13:49:51,1,0,@/assets/video/TMhnGP4JCFnvNnc8eFtMsc_kitchen-complete-v0_offline_comparative/TMhnGP4JCFnvNnc8eFtMsc/kitchen-complete-v0_ca85f0f1a3864a49a02e6d6fa1729bd0.mp4,76,176,ca85f0f1a3864a49a02e6d6fa1729bd0,1397,1497,comparative,,{'1': {'0': 2}},1,admin
162,cabe1c90a09b48cbbd110e79bfc4fdc9,TMhnGP4JCFnvNnc8eFtMsc,2024-09-02 13:50:03,1,0,@/assets/video/TMhnGP4JCFnvNnc8eFtMsc_kitchen-complete-v0_offline_comparative/TMhnGP4JCFnvNnc8eFtMsc/kitchen-complete-v0_cabe1c90a09b48cbbd110e79bfc4fdc9.mp4,762,862,cabe1c90a09b48cbbd110e79bfc4fdc9,840,940,comparative,,{'1': {'0': 0}},1,admin
163,cc2bb1492a3248c09f366dded8f28623,TMhnGP4JCFnvNnc8eFtMsc,2024-09-02 13:50:19,1,0,@/assets/video/TMhnGP4JCFnvNnc8eFtMsc_kitchen-complete-v0_offline_comparative/TMhnGP4JCFnvNnc8eFtMsc/kitchen-complete-v0_cc2bb1492a3248c09f366dded8f28623.mp4,262,362,cc2bb1492a3248c09f366dded8f28623,789,889,comparative,,{'1': {'0': 2}},1,admin
164,ccb7eec922d34547bf86f176f1b85a73,TMhnGP4JCFnvNnc8eFtMsc,2024-09-02 13:51:19,1,0,@/assets/video/TMhnGP4JCFnvNnc8eFtMsc_kitchen-complete-v0_offline_comparative/TMhnGP4JCFnvNnc8eFtMsc/kitchen-complete-v0_ccb7eec922d34547bf86f176f1b85a73.mp4,2120,2220,ccb7eec922d34547bf86f176f1b85a73,2757,2857,comparative,,{'1': {'0': 0}},1,admin
165,cf7dcb03d50e4ce3ac9293634aa52df5,TMhnGP4JCFnvNnc8eFtMsc,2024-09-02 13:52:35,1,0,@/assets/video/TMhnGP4JCFnvNnc8eFtMsc_kitchen-complete-v0_offline_comparative/TMhnGP4JCFnvNnc8eFtMsc/kitchen-complete-v0_cf7dcb03d50e4ce3ac9293634aa52df5.mp4,1168,1268,cf7dcb03d50e4ce3ac9293634aa52df5,3159,3259,comparative,,{'1': {'0': 0}},1,admin
166,cfb97c7b914d42f0a0db70f4f5dd6b72,TMhnGP4JCFnvNnc8eFtMsc,2024-09-02 13:52:51,1,0,@/assets/video/TMhnGP4JCFnvNnc8eFtMsc_kitchen-complete-v0_offline_comparative/TMhnGP4JCFnvNnc8eFtMsc/kitchen-complete-v0_cfb97c7b914d42f0a0db70f4f5dd6b72.mp4,1004,1104,cfb97c7b914d42f0a0db70f4f5dd6b72,1035,1135,comparative,,{'1': {'0': 2}},1,admin
167,d2ab434b2cb242fa9d3ecb015ce96bd7,TMhnGP4JCFnvNnc8eFtMsc,2024-09-02 13:53:06,1,0,@/assets/video/TMhnGP4JCFnvNnc8eFtMsc_kitchen-complete-v0_offline_comparative/TMhnGP4JCFnvNnc8eFtMsc/kitchen-complete-v0_d2ab434b2cb242fa9d3ecb015ce96bd7.mp4,2128,2228,d2ab434b2cb242fa9d3ecb015ce96bd7,1390,1490,comparative,,{'1': {'0': 1}},1,admin
168,d452ab520c804a4aaf0212fa84ba9a35,TMhnGP4JCFnvNnc8eFtMsc,2024-09-02 13:56:31,1,0,@/assets/video/TMhnGP4JCFnvNnc8eFtMsc_kitchen-complete-v0_offline_comparative/TMhnGP4JCFnvNnc8eFtMsc/kitchen-complete-v0_d452ab520c804a4aaf0212fa84ba9a35.mp4,3128,3228,d452ab520c804a4aaf0212fa84ba9a35,43,143,comparative,,{'1': {'0': 1}},1,admin
169,d4cfc8fde81a42178e5c218ebb616bd5,TMhnGP4JCFnvNnc8eFtMsc,2024-09-02 13:56:44,1,0,@/assets/video/TMhnGP4JCFnvNnc8eFtMsc_kitchen-complete-v0_offline_comparative/TMhnGP4JCFnvNnc8eFtMsc/kitchen-complete-v0_d4cfc8fde81a42178e5c218ebb616bd5.mp4,1407,1507,d4cfc8fde81a42178e5c218ebb616bd5,1237,1337,comparative,,{'1': {'0': 0}},1,admin
170,d629262fcb06477db283cc9fda907abd,TMhnGP4JCFnvNnc8eFtMsc,2024-09-02 13:56:59,1,0,@/assets/video/TMhnGP4JCFnvNnc8eFtMsc_kitchen-complete-v0_offline_comparative/TMhnGP4JCFnvNnc8eFtMsc/kitchen-complete-v0_d629262fcb06477db283cc9fda907abd.mp4,425,525,d629262fcb06477db283cc9fda907abd,989,1089,comparative,,{'1': {'0': 0}},1,admin
171,d6351ed960e5470d87240134ba1feedf,TMhnGP4JCFnvNnc8eFtMsc,2024-09-02 13:57:29,1,0,@/assets/video/TMhnGP4JCFnvNnc8eFtMsc_kitchen-complete-v0_offline_comparative/TMhnGP4JCFnvNnc8eFtMsc/kitchen-complete-v0_d6351ed960e5470d87240134ba1feedf.mp4,2715,2815,d6351ed960e5470d87240134ba1feedf,31,131,comparative,,{'1': {'0': 1}},1,admin
172,db16ac1b1abb49cbba02ce1005e0595b,TMhnGP4JCFnvNnc8eFtMsc,2024-09-02 13:58:45,1,0,@/assets/video/TMhnGP4JCFnvNnc8eFtMsc_kitchen-complete-v0_offline_comparative/TMhnGP4JCFnvNnc8eFtMsc/kitchen-complete-v0_db16ac1b1abb49cbba02ce1005e0595b.mp4,3181,3281,db16ac1b1abb49cbba02ce1005e0595b,3285,3385,comparative,,{'1': {'0': 2}},1,admin
173,de98d8ab7eab4854a036b867e11a8b16,TMhnGP4JCFnvNnc8eFtMsc,2024-09-02 13:59:28,1,0,@/assets/video/TMhnGP4JCFnvNnc8eFtMsc_kitchen-complete-v0_offline_comparative/TMhnGP4JCFnvNnc8eFtMsc/kitchen-complete-v0_de98d8ab7eab4854a036b867e11a8b16.mp4,1927,2027,de98d8ab7eab4854a036b867e11a8b16,2330,2430,comparative,,{'1': {'0': 1}},1,admin
174,def2ac90dbd34ad382d8a96c975cac2c,TMhnGP4JCFnvNnc8eFtMsc,2024-09-02 13:59:39,1,0,@/assets/video/TMhnGP4JCFnvNnc8eFtMsc_kitchen-complete-v0_offline_comparative/TMhnGP4JCFnvNnc8eFtMsc/kitchen-complete-v0_def2ac90dbd34ad382d8a96c975cac2c.mp4,1953,2053,def2ac90dbd34ad382d8a96c975cac2c,832,932,comparative,,{'1': {'0': 2}},1,admin
175,dfc305b7dcf743608569308437b944cf,TMhnGP4JCFnvNnc8eFtMsc,2024-09-02 13:59:50,1,0,@/assets/video/TMhnGP4JCFnvNnc8eFtMsc_kitchen-complete-v0_offline_comparative/TMhnGP4JCFnvNnc8eFtMsc/kitchen-complete-v0_dfc305b7dcf743608569308437b944cf.mp4,1933,2033,dfc305b7dcf743608569308437b944cf,1723,1823,comparative,,{'1': {'0': 1}},1,admin
176,e23e9b97c6244e7b881fff6d7d8d8cf6,TMhnGP4JCFnvNnc8eFtMsc,2024-09-02 14:00:02,1,0,@/assets/video/TMhnGP4JCFnvNnc8eFtMsc_kitchen-complete-v0_offline_comparative/TMhnGP4JCFnvNnc8eFtMsc/kitchen-complete-v0_e23e9b97c6244e7b881fff6d7d8d8cf6.mp4,1593,1693,e23e9b97c6244e7b881fff6d7d8d8cf6,2590,2690,comparative,,{'1': {'0': 0}},1,admin
177,e36abae1d86b44748091f2da50a8a1b8,TMhnGP4JCFnvNnc8eFtMsc,2024-09-02 14:00:19,1,0,@/assets/video/TMhnGP4JCFnvNnc8eFtMsc_kitchen-complete-v0_offline_comparative/TMhnGP4JCFnvNnc8eFtMsc/kitchen-complete-v0_e36abae1d86b44748091f2da50a8a1b8.mp4,759,859,e36abae1d86b44748091f2da50a8a1b8,1236,1336,comparative,,{'1': {'0': 0}},1,admin
178,e5aa759488b1437488c9924355d4ab81,TMhnGP4JCFnvNnc8eFtMsc,2024-09-02 14:00:30,1,0,@/assets/video/TMhnGP4JCFnvNnc8eFtMsc_kitchen-complete-v0_offline_comparative/TMhnGP4JCFnvNnc8eFtMsc/kitchen-complete-v0_e5aa759488b1437488c9924355d4ab81.mp4,821,921,e5aa759488b1437488c9924355d4ab81,1616,1716,comparative,,{'1': {'0': 0}},1,admin
179,e5cd5307aba5415da8932fac0e6afd17,TMhnGP4JCFnvNnc8eFtMsc,2024-09-02 14:00:45,1,0,@/assets/video/TMhnGP4JCFnvNnc8eFtMsc_kitchen-complete-v0_offline_comparative/TMhnGP4JCFnvNnc8eFtMsc/kitchen-complete-v0_e5cd5307aba5415da8932fac0e6afd17.mp4,10,110,e5cd5307aba5415da8932fac0e6afd17,225,325,comparative,,{'1': {'0': 0}},1,admin
180,ea1515864cdc4b61a93d3566a6b0cd71,TMhnGP4JCFnvNnc8eFtMsc,2024-09-02 14:01:02,1,0,@/assets/video/TMhnGP4JCFnvNnc8eFtMsc_kitchen-complete-v0_offline_comparative/TMhnGP4JCFnvNnc8eFtMsc/kitchen-complete-v0_ea1515864cdc4b61a93d3566a6b0cd71.mp4,3112,3212,ea1515864cdc4b61a93d3566a6b0cd71,2758,2858,comparative,,{'1': {'0': 1}},1,admin
181,eacdfa94791843cc8a74acf280a4a682,TMhnGP4JCFnvNnc8eFtMsc,2024-09-02 14:01:12,1,0,@/assets/video/TMhnGP4JCFnvNnc8eFtMsc_kitchen-complete-v0_offline_comparative/TMhnGP4JCFnvNnc8eFtMsc/kitchen-complete-v0_eacdfa94791843cc8a74acf280a4a682.mp4,65,165,eacdfa94791843cc8a74acf280a4a682,1612,1712,comparative,,{'1': {'0': 0}},1,admin
182,eae108d6aaaf4c108d42f397b946a908,TMhnGP4JCFnvNnc8eFtMsc,2024-09-02 14:01:35,1,0,@/assets/video/TMhnGP4JCFnvNnc8eFtMsc_kitchen-complete-v0_offline_comparative/TMhnGP4JCFnvNnc8eFtMsc/kitchen-complete-v0_eae108d6aaaf4c108d42f397b946a908.mp4,3290,3390,eae108d6aaaf4c108d42f397b946a908,1041,1141,comparative,,{'1': {'0': 0}},1,admin
183,eb829820861247079f721f62900b36b0,TMhnGP4JCFnvNnc8eFtMsc,2024-09-02 14:01:45,1,0,@/assets/video/TMhnGP4JCFnvNnc8eFtMsc_kitchen-complete-v0_offline_comparative/TMhnGP4JCFnvNnc8eFtMsc/kitchen-complete-v0_eb829820861247079f721f62900b36b0.mp4,1352,1452,eb829820861247079f721f62900b36b0,16,116,comparative,,{'1': {'0': 1}},1,admin
184,ecd22a83169748418d31b78d99634dac,TMhnGP4JCFnvNnc8eFtMsc,2024-09-02 14:01:56,1,0,@/assets/video/TMhnGP4JCFnvNnc8eFtMsc_kitchen-complete-v0_offline_comparative/TMhnGP4JCFnvNnc8eFtMsc/kitchen-complete-v0_ecd22a83169748418d31b78d99634dac.mp4,2753,2853,ecd22a83169748418d31b78d99634dac,60,160,comparative,,{'1': {'0': 1}},1,admin
185,f3d822cda237453bac3d14d06b31604f,TMhnGP4JCFnvNnc8eFtMsc,2024-09-02 14:02:07,1,0,@/assets/video/TMhnGP4JCFnvNnc8eFtMsc_kitchen-complete-v0_offline_comparative/TMhnGP4JCFnvNnc8eFtMsc/kitchen-complete-v0_f3d822cda237453bac3d14d06b31604f.mp4,2173,2273,f3d822cda237453bac3d14d06b31604f,3304,3404,comparative,,{'1': {'0': 1}},1,admin
186,f527189bb5ba4903a1a9f467b5a3bf52,TMhnGP4JCFnvNnc8eFtMsc,2024-09-02 14:02:20,1,0,@/assets/video/TMhnGP4JCFnvNnc8eFtMsc_kitchen-complete-v0_offline_comparative/TMhnGP4JCFnvNnc8eFtMsc/kitchen-complete-v0_f527189bb5ba4903a1a9f467b5a3bf52.mp4,5,105,f527189bb5ba4903a1a9f467b5a3bf52,987,1087,comparative,,{'1': {'0': 0}},1,admin
187,f688294054aa4059880953861eb7f4b7,TMhnGP4JCFnvNnc8eFtMsc,2024-09-02 14:02:31,1,0,@/assets/video/TMhnGP4JCFnvNnc8eFtMsc_kitchen-complete-v0_offline_comparative/TMhnGP4JCFnvNnc8eFtMsc/kitchen-complete-v0_f688294054aa4059880953861eb7f4b7.mp4,2731,2831,f688294054aa4059880953861eb7f4b7,595,695,comparative,,{'1': {'0': 2}},1,admin
188,f6c0b51c722f4bc085a16c3b9db651bb,TMhnGP4JCFnvNnc8eFtMsc,2024-09-02 14:02:42,1,0,@/assets/video/TMhnGP4JCFnvNnc8eFtMsc_kitchen-complete-v0_offline_comparative/TMhnGP4JCFnvNnc8eFtMsc/kitchen-complete-v0_f6c0b51c722f4bc085a16c3b9db651bb.mp4,2497,2597,f6c0b51c722f4bc085a16c3b9db651bb,1038,1138,comparative,,{'1': {'0': 0}},1,admin
189,f6dd04d858944eba822d475dafab5707,TMhnGP4JCFnvNnc8eFtMsc,2024-09-02 14:02:55,1,0,@/assets/video/TMhnGP4JCFnvNnc8eFtMsc_kitchen-complete-v0_offline_comparative/TMhnGP4JCFnvNnc8eFtMsc/kitchen-complete-v0_f6dd04d858944eba822d475dafab5707.mp4,188,288,f6dd04d858944eba822d475dafab5707,1568,1668,comparative,,{'1': {'0': 0}},1,admin
190,f781722891114570869f7b3651aedaf5,TMhnGP4JCFnvNnc8eFtMsc,2024-09-02 14:03:06,1,0,@/assets/video/TMhnGP4JCFnvNnc8eFtMsc_kitchen-complete-v0_offline_comparative/TMhnGP4JCFnvNnc8eFtMsc/kitchen-complete-v0_f781722891114570869f7b3651aedaf5.mp4,973,1073,f781722891114570869f7b3651aedaf5,1373,1473,comparative,,{'1': {'0': 0}},1,admin
191,f7bb2d9c13e14292bb8cd92c09110b08,TMhnGP4JCFnvNnc8eFtMsc,2024-09-02 14:03:25,1,0,@/assets/video/TMhnGP4JCFnvNnc8eFtMsc_kitchen-complete-v0_offline_comparative/TMhnGP4JCFnvNnc8eFtMsc/kitchen-complete-v0_f7bb2d9c13e14292bb8cd92c09110b08.mp4,1429,1529,f7bb2d9c13e14292bb8cd92c09110b08,2342,2442,comparative,,{'1': {'0': 2}},1,admin
192,f925a92fb3684ea192a635bef8b76352,TMhnGP4JCFnvNnc8eFtMsc,2024-09-02 14:03:35,1,0,@/assets/video/TMhnGP4JCFnvNnc8eFtMsc_kitchen-complete-v0_offline_comparative/TMhnGP4JCFnvNnc8eFtMsc/kitchen-complete-v0_f925a92fb3684ea192a635bef8b76352.mp4,1614,1714,f925a92fb3684ea192a635bef8b76352,2708,2808,comparative,,{'1': {'0': 2}},1,admin
193,f95ddbae86b34c0fa1a03e9487f65aa6,TMhnGP4JCFnvNnc8eFtMsc,2024-09-02 14:03:45,1,0,@/assets/video/TMhnGP4JCFnvNnc8eFtMsc_kitchen-complete-v0_offline_comparative/TMhnGP4JCFnvNnc8eFtMsc/kitchen-complete-v0_f95ddbae86b34c0fa1a03e9487f65aa6.mp4,2393,2493,f95ddbae86b34c0fa1a03e9487f65aa6,1360,1460,comparative,,{'1': {'0': 2}},1,admin
194,f9931364f91346e3bdce0114519563dd,TMhnGP4JCFnvNnc8eFtMsc,2024-09-02 14:03:56,1,0,@/assets/video/TMhnGP4JCFnvNnc8eFtMsc_kitchen-complete-v0_offline_comparative/TMhnGP4JCFnvNnc8eFtMsc/kitchen-complete-v0_f9931364f91346e3bdce0114519563dd.mp4,2522,2622,f9931364f91346e3bdce0114519563dd,576,676,comparative,,{'1': {'0': 1}},1,admin
195,fb41cb9fc51e4728a2cf81bd083c887a,TMhnGP4JCFnvNnc8eFtMsc,2024-09-02 14:04:03,1,0,@/assets/video/TMhnGP4JCFnvNnc8eFtMsc_kitchen-complete-v0_offline_comparative/TMhnGP4JCFnvNnc8eFtMsc/kitchen-complete-v0_fb41cb9fc51e4728a2cf81bd083c887a.mp4,2729,2829,fb41cb9fc51e4728a2cf81bd083c887a,221,321,comparative,,{'1': {'0': 1}},1,admin
196,fc9b3c3c82a44aa0a4efc2d9ef3ff94a,TMhnGP4JCFnvNnc8eFtMsc,2024-09-02 14:04:14,1,0,@/assets/video/TMhnGP4JCFnvNnc8eFtMsc_kitchen-complete-v0_offline_comparative/TMhnGP4JCFnvNnc8eFtMsc/kitchen-complete-v0_fc9b3c3c82a44aa0a4efc2d9ef3ff94a.mp4,1351,1451,fc9b3c3c82a44aa0a4efc2d9ef3ff94a,1566,1666,comparative,,{'1': {'0': 0}},1,admin
197,fe1472fcbfdf4aec9b3eaf0eca1d8bff,TMhnGP4JCFnvNnc8eFtMsc,2024-09-02 14:04:25,1,0,@/assets/video/TMhnGP4JCFnvNnc8eFtMsc_kitchen-complete-v0_offline_comparative/TMhnGP4JCFnvNnc8eFtMsc/kitchen-complete-v0_fe1472fcbfdf4aec9b3eaf0eca1d8bff.mp4,3083,3183,fe1472fcbfdf4aec9b3eaf0eca1d8bff,3362,3462,comparative,,{'1': {'0': 0}},1,admin
198,feda0225b4e3427cada3fc6fae3ad26a,TMhnGP4JCFnvNnc8eFtMsc,2024-09-02 14:04:35,1,0,@/assets/video/TMhnGP4JCFnvNnc8eFtMsc_kitchen-complete-v0_offline_comparative/TMhnGP4JCFnvNnc8eFtMsc/kitchen-complete-v0_feda0225b4e3427cada3fc6fae3ad26a.mp4,2383,2483,feda0225b4e3427cada3fc6fae3ad26a,1400,1500,comparative,,{'1': {'0': 2}},1,admin
199,ff639ecfbf354976b84d4418ed45d902,TMhnGP4JCFnvNnc8eFtMsc,2024-09-02 14:04:46,1,0,@/assets/video/TMhnGP4JCFnvNnc8eFtMsc_kitchen-complete-v0_offline_comparative/TMhnGP4JCFnvNnc8eFtMsc/kitchen-complete-v0_ff639ecfbf354976b84d4418ed45d902.mp4,654,754,ff639ecfbf354976b84d4418ed45d902,2772,2872,comparative,,{'1': {'0': 1}},1,admin
200,ffebf95abcf24e1b96676d648d22b2e6,TMhnGP4JCFnvNnc8eFtMsc,2024-09-02 14:04:57,1,0,@/assets/video/TMhnGP4JCFnvNnc8eFtMsc_kitchen-complete-v0_offline_comparative/TMhnGP4JCFnvNnc8eFtMsc/kitchen-complete-v0_ffebf95abcf24e1b96676d648d22b2e6.mp4,1946,2046,ffebf95abcf24e1b96676d648d22b2e6,2524,2624,comparative,,{'1': {'0': 2}},1,admin
